commcare-hq	29491208		0sec	179687	0.0060929006366914505		30sec	2687318	0.09112268307218883		1min	2139557	0.07254897798693088		5min	7471893	0.25336001834851934		10min	4289088	0.14543615846458374		>10min	12684413	0.4301082885448436				
ipython	814436		0sec	10789	0.01324720420020726		30sec	7414	0.009103232175394996		1min	8388	0.010299151805666743		5min	47298	0.05807454483839123		10min	52740	0.06475646950773296		>10min	685353	0.8415062693692322				
sympy	987260		0sec	12350	0.012509369365719263		30sec	12574	0.01273625995178575		1min	7235	0.007328363349067115		5min	59257	0.06002167615420457		10min	50517	0.05116889168000324		>10min	841393	0.8522506735814274				
pandas	110343		0sec	2365	0.0214331674868365		30sec	1630	0.014772119663231923		1min	1422	0.012887088442402328		5min	10244	0.09283778762585755		10min	6528	0.059160979853728826		>10min	87374	0.7918399898498318				
kuma	1037511		0sec	5666	0.005461146917960388		30sec	27574	0.026577067616632498		1min	7987	0.00769823163320678		5min	57812	0.05572181885300493		10min	51921	0.0500438067644584		>10min	885736	0.8537123943746139				
zamboni	279145		0sec	4239	0.0151856562001827		30sec	11122	0.03984309229970087		1min	7509	0.026899998208816205		5min	35807	0.12827383617833027		10min	24273	0.0869548084328933		>10min	195178	0.6991993408443641				
bedrock	281808		0sec	1786	0.00633764832793959		30sec	4080	0.014477942428887754		1min	3389	0.01202591835575995		5min	27518	0.09764804405836598		10min	16515	0.058603730199284616		>10min	226211	0.8027131947992959				
socorro	1204810		0sec	1797	0.0014915214847154323		30sec	14532	0.012061652874727135		1min	15834	0.013142321195873208		5min	96186	0.07983499472945942		10min	71184	0.05908317494044704		>10min	1005052	0.8341995833367917				
kitsune	92311		0sec	2897	0.031383042107657806		30sec	1329	0.014396984108069461		1min	534	0.005784792711594502		5min	4444	0.048141608259037384		10min	4059	0.043970924375209886		>10min	78441	0.8497470507306821				
matplotlib	3819336		0sec	5070	0.0013274558719107196		30sec	120033	0.03142771413669811		1min	188520	0.049359365083354804		5min	603516	0.15801594832190727		10min	297080	0.07778315393042141		>10min	2599643	0.6806531292350293				
addon-sdk	89600		0sec	143	0.001595982142857143		30sec	2361	0.026350446428571428		1min	2341	0.026127232142857143		5min	7838	0.08747767857142857		10min	6299	0.07030133928571429		>10min	70606	0.7880133928571429				
django-cms	664386		0sec	2261	0.0034031421492927306		30sec	26113	0.0393039588432026		1min	19633	0.029550592577206623		5min	88101	0.1326051421914369		10min	43732	0.06582318110255184		>10min	484255	0.7288759847438085				
Theano	347220		0sec	5853	0.016856747883186453		30sec	7814	0.022504464028569784		1min	5252	0.015125856805483555		5min	29823	0.08589078970105408		10min	26567	0.076513449686078		>10min	269711	0.7767726513449686				
onepercentclub-site	359465		0sec	1535	0.004270234932469086		30sec	4339	0.012070716203246491		1min	4749	0.013211300126576996		5min	72001	0.2003004464968773		10min	42572	0.11843155800982015		>10min	232863	0.6478043759475888				
virt-test	59775		0sec	6109	0.10219991635299037		30sec	1384	0.02315349226265161		1min	350	0.005855290673358427		5min	2187	0.036587202007528234		10min	2747	0.045955667084901716		>10min	45273	0.7573902132998745				
configuration	92289		0sec	1692	0.0183337125767968		30sec	3641	0.03945215572820163		1min	2401	0.026016101593906098		5min	8241	0.08929558235542698		10min	6729	0.07291226473360855		>10min	69429	0.7522998407177454				
buildbot	760207		0sec	5419	0.007128321628188112		30sec	20933	0.02753592113726919		1min	17952	0.02361462075461026		5min	88318	0.11617625199452254		10min	48781	0.06416804896561068		>10min	577520	0.7596878218695697				
deis	158515		0sec	2415	0.015235151247516008		30sec	4277	0.026981673658644293		1min	3189	0.02011796990821058		5min	16921	0.10674699555247137		10min	10374	0.06544491057628615		>10min	121098	0.7639529382077406				
django-rest-framework	64847		0sec	217	0.0033463383040078956		30sec	1879	0.028975897111662836		1min	953	0.014696130892716703		5min	6736	0.10387527564883495		10min	4383	0.06758986537542215		>10min	50667	0.7813314417012353				
ka-lite	3160583		0sec	86638	0.027412031261321093		30sec	90643	0.028679202539531472		1min	65039	0.020578165484026207		5min	418120	0.13229204865051797		10min	291942	0.09236966724177154		>10min	2198410	0.6955710386343279				
cryptography	44546		0sec	690	0.01548960624971939		30sec	893	0.020046693305796257		1min	1059	0.023773178287612804		5min	4344	0.09751717325910295		10min	2514	0.05643604364028196		>10min	34962	0.7848516140618687				
kivy	150656		0sec	593	0.003936119371282923		30sec	3877	0.02573412276975361		1min	3057	0.02029125955819881		5min	10493	0.06964873619371283		10min	5450	0.036175127442650806		>10min	127133	0.8438628398470688				
robottelo	43071		0sec	668	0.015509275382507952		30sec	478	0.011097954540177845		1min	485	0.011260476887000534		5min	4128	0.09584174966915093		10min	3670	0.08520814469132362		>10min	33605	0.7802233521394906				
ralph	15224		0sec	21	0.0013794009458749344		30sec	407	0.026734104046242775		1min	364	0.023909616395165527		5min	1998	0.13124014713610088		10min	1232	0.08092485549132948		>10min	11202	0.7358118759852864				
zds-site	299314		0sec	4360	0.014566642388929352		30sec	5447	0.01819828006708674		1min	4808	0.01606339830412209		5min	27709	0.09257502154927601		10min	20018	0.06687959801412563		>10min	236511	0.7901768711119427				
mne-python	112077		0sec	8123	0.07247695780579423		30sec	1160	0.010350027213433621		1min	1369	0.012214816599302266		5min	6639	0.059236060922401565		10min	4724	0.042149593582983126		>10min	88997	0.7940701482016828				
iris	195283		0sec	2526	0.012935073713533692		30sec	3503	0.01793806936599704		1min	3357	0.01719043644352043		5min	20116	0.10300947855164044		10min	14349	0.0734779781138143		>10min	150699	0.7716954368787862				
ome-documentation	54961		0sec	1731	0.031495060133549246		30sec	1331	0.02421717217663434		1min	1042	0.018958898127763323		5min	4352	0.07918342097123415		10min	4155	0.07559906115245356		>10min	41848	0.7614126380524372				
OTM2	32377		0sec	1873	0.057849708126138925		30sec	1541	0.04759551533496		1min	1327	0.040985885041850696		5min	2771	0.08558544645890602		10min	1840	0.05683046607159403		>10min	22559	0.6967600457114619				
pylearn2	79421		0sec	633	0.007970184208206898		30sec	3097	0.03899472431724607		1min	1428	0.01798013119955679		5min	6653	0.08376877652006397		10min	6177	0.07777539945354503		>10min	60911	0.7669382153334761				
eden	150542		0sec	124	0.0008236903986927237		30sec	2992	0.019874852200714752		1min	2429	0.01613503208406956		5min	8202	0.054483134274820315		10min	8661	0.05753211728288451		>10min	128100	0.8509253231656282				
pyramid	81711		0sec	316	0.0038672883699869052		30sec	3129	0.0382934978154716		1min	1528	0.018700052624493643		5min	8386	0.1026300008566778		10min	6337	0.07755381772343993		>10min	61987	0.7586126714885388				
otter	95691		0sec	535	0.005590912416005685		30sec	3452	0.036074447962713314		1min	2348	0.0245373128089371		5min	12724	0.13296966276870342		10min	9747	0.10185910900711666		>10min	66641	0.696418680962682				
scikit-image	95891		0sec	3141	0.03275594164207277		30sec	797	0.008311520372089144		1min	826	0.008613947085753616		5min	4689	0.048899271047335		10min	3618	0.037730339656484965		>10min	82485	0.8601954302280714				
vumi-go	251575		0sec	812	0.003227665706051873		30sec	9247	0.03675643446288383		1min	8023	0.03189108615720958		5min	41879	0.16646725628540196		10min	29553	0.1174719268607771		>10min	162004	0.6439590579350094				
ninja-ide	14027		0sec	173	0.012333357097027162		30sec	470	0.033506808298281884		1min	865	0.06166678548513581		5min	1784	0.12718328937049975		10min	768	0.05475155058102232		>10min	9964	0.7103443359235759				
youtube-dl	57239		0sec	798	0.013941543353308059		30sec	1814	0.03169167875050228		1min	1722	0.030084383025559495		5min	6584	0.11502646796764444		10min	4170	0.07285242579360227		>10min	42086	0.7352679117384999				
pip	42842		0sec	867	0.02023715045982914		30sec	958	0.022361234302786984		1min	616	0.014378413706176183		5min	3370	0.0786611269315158		10min	1924	0.04490920125110873		>10min	35018	0.817375472667009				
remo	23065		0sec	404	0.017515716453500977		30sec	526	0.022805115976587905		1min	561	0.02432256665944071		5min	1544	0.0669412529807067		10min	1910	0.08280945154996748		>10min	18080	0.7838716670279644				
c2cgeoportal	1058526		0sec	4683	0.0044240764988295045		30sec	68931	0.06511979866342442		1min	21914	0.020702372922346734		5min	100703	0.09513512185813103		10min	59900	0.05658812348492148		>10min	797734	0.7536272136914918				
erpnext	2358097		0sec	16224	0.006880124100068827		30sec	88894	0.03769734663162711		1min	97359	0.041287105661896015		5min	372205	0.15784125928661968		10min	194324	0.08240712744217053		>10min	1562142	0.662458753817167				
play1	174711		0sec	245	0.0014023158244186114		30sec	3178	0.018190039551029987		1min	7391	0.04230414799297125		5min	23966	0.13717510631843444		10min	7161	0.04098768823943541		>10min	132637	0.759179444911883				
pelican	20121		0sec	347	0.01724566373440684		30sec	488	0.024253267730232096		1min	407	0.020227622881566522		5min	1740	0.08647681526763083		10min	1166	0.05794940609313652		>10min	15936	0.792008349485612				
sunpy	96909		0sec	1885	0.01945123775913486		30sec	2165	0.0223405462856907		1min	2144	0.022123848146199013		5min	9096	0.09386125127697117		10min	6757	0.06972520612120649		>10min	74611	0.7699078516959209				
statsmodels	50377		0sec	4620	0.0917085177759692		30sec	610	0.012108700398991604		1min	1100	0.02183536137523076		5min	3741	0.07426007900430752		10min	2695	0.053496635369315364		>10min	35341	0.7015304603291185				
nipype	282771		0sec	3325	0.011758631542838552		30sec	5620	0.019874739630301553		1min	5287	0.018697108260748097		5min	27617	0.09766560220107437		10min	19432	0.06871991823772593		>10min	218908	0.7741529364750982				
Addon-Tests	11726		0sec	5	0.00042640286542725567		30sec	209	0.017823639774859287		1min	282	0.02404912161009722		5min	1256	0.10711239979532662		10min	768	0.06549548012962647		>10min	9205	0.7850076752515777				
celery	235192		0sec	439	0.0018665600870777918		30sec	26906	0.11440014966495458		1min	21499	0.09141042212320147		5min	49963	0.21243494676689684		10min	17534	0.0745518555052893		>10min	118804	0.5051362291234396				
vumi	46974		0sec	426	0.00906884659598927		30sec	1113	0.023693958359943798		1min	1385	0.029484395623110657		5min	5729	0.12196108485545196		10min	4270	0.09090134968280325		>10min	34019	0.7242091369693873				
edx-ora2	60741		0sec	847	0.013944452676116626		30sec	2000	0.032926688727548115		1min	1101	0.018126142144515238		5min	5959	0.09810506906372961		10min	5512	0.0907459541331226		>10min	44891	0.7390559918341812				
luigi	17402		0sec	641	0.03683484656935984		30sec	563	0.032352603149063325		1min	248	0.014251235490173543		5min	1164	0.06688886334904035		10min	682	0.039190897597977246		>10min	14072	0.8086426847488795				
OpenSlides	63518		0sec	394	0.006202966088352908		30sec	2032	0.031990931704398755		1min	1260	0.019836896627727574		5min	8196	0.1290342894927422		10min	3841	0.06047104757706477		>10min	47771	0.7520860228596619				
pulp_rpm	186136		0sec	351	0.0018857179696565951		30sec	19246	0.10339751579490265		1min	13140	0.07059354450509304		5min	22364	0.12014870847122534		10min	10010	0.05377788283835475		>10min	119133	0.640032019598573				
nikola	66946		0sec	1194	0.01783527021778747		30sec	2093	0.03126400382397754		1min	2556	0.03818002569234906		5min	9611	0.14356346906461925		10min	6918	0.10333701789501987		>10min	44436	0.6637588504167538				
Pillow	53377		0sec	896	0.01678625625269311		30sec	898	0.016823725574685727		1min	1431	0.02680929988571857		5min	6129	0.11482473724637952		10min	3381	0.06334188882852165		>10min	40232	0.7537328812035147				
topaz	52961		0sec	248	0.004682691036800665		30sec	1636	0.030890655387926964		1min	962	0.018164309586299353		5min	7918	0.1495062404410793		10min	5519	0.10420875738751156		>10min	36641	0.6918487188686014				
web2py	42015		0sec	1722	0.04098536237058194		30sec	887	0.02111150779483518		1min	742	0.017660359395454003		5min	3363	0.08004284184219922		10min	3014	0.07173628466024039		>10min	32266	0.7679638224443651				
invenio	1635565		0sec	7960	0.0048668197228480675		30sec	37780	0.023099051398140703		1min	40862	0.024983415516962027		5min	223014	0.13635288111447727		10min	133399	0.08156141761409666		>10min	1189563	0.7273101344183814				
webpay	22403		0sec	1555	0.06941034682854975		30sec	306	0.013658884970762845		1min	338	0.015087265098424318		5min	1454	0.06490202205061822		10min	870	0.03883408472079632		>10min	16477	0.7354818551086908				
flask	17146		0sec	302	0.01761343753645165		30sec	1246	0.07267001049807535		1min	569	0.03318558264318208		5min	2660	0.15513822465881255		10min	825	0.04811617870057156		>10min	11503	0.6708853376880906				
webview	28045		0sec	778	0.027741130326261364		30sec	732	0.026100909252986273		1min	493	0.017578891067926546		5min	3685	0.13139597076127651		10min	2413	0.0860402923872348		>10min	19897	0.7094669281511856				
mezzanine	66180		0sec	245	0.003702024780900574		30sec	1384	0.0209126624357812		1min	1016	0.015352070111816258		5min	3743	0.05655787246902388		10min	2374	0.03587186461166515		>10min	57348	0.8665457842248413				
symfony-docs-fr	26852		0sec	66	0.0024579174735587664		30sec	6122	0.2279904662594965		1min	3509	0.13067927901087442		5min	4873	0.18147624013108893		10min	835	0.031096380157902576		>10min	11407	0.4248100700134068				
shinken	273955		0sec	2228	0.008132722527422387		30sec	11585	0.042287967001879874		1min	5902	0.021543684181708676		5min	19585	0.07148984322242705		10min	13311	0.048588271796462926		>10min	221103	0.8070778047489551				
gaffer	119327		0sec	7714	0.06464588902762995		30sec	1963	0.01645059374659549		1min	1413	0.011841410577656357		5min	6573	0.05508392903533987		10min	6229	0.0522010944714943		>10min	94444	0.7914721731041592				
ESP-Website	735866		0sec	1660	0.0022558454936088906		30sec	21436	0.02913030361506035		1min	6614	0.008988049454656147		5min	51848	0.07045848021242998		10min	56759	0.07713224962153435		>10min	597326	0.8117320272984484				
autotest	24339		0sec	3472	0.14265171124532644		30sec	1399	0.05747976498623608		1min	1220	0.05012531328320802		5min	4050	0.16639960557130531		10min	1160	0.0476601339414109		>10min	12720	0.5226180204609885				
blaze	51129		0sec	2233	0.0436738445891764		30sec	1958	0.03829529229986896		1min	1267	0.02478045727473645		5min	6381	0.12480197148389369		10min	4492	0.08785620684934187		>10min	34578	0.6762893856715367				
salt-cloud	5304		0sec	288	0.05429864253393665		30sec	164	0.03092006033182504		1min	173	0.03261689291101056		5min	777	0.14649321266968326		10min	409	0.07711161387631976		>10min	3475	0.6551659125188537				
psychopy	87350		0sec	984	0.011265025758443046		30sec	2589	0.029639381797366915		1min	2693	0.030829994275901544		5min	6548	0.0749627933600458		10min	4106	0.04700629650829994		>10min	70360	0.8054951345163137				
dkobo	21442		0sec	119	0.005549855423934334		30sec	457	0.021313310325529335		1min	393	0.01832851413114448		5min	2047	0.095466840779778		10min	1646	0.07676522712433542		>10min	16678	0.7778192332804775				
fail2ban	110028		0sec	122	0.001108808666884793		30sec	1521	0.0138237539535391		1min	2161	0.01964045515686916		5min	14463	0.1314483585996292		10min	8348	0.07587159632093649		>10min	83384	0.7578434580288653				
inasafe	400330		0sec	4472	0.01117078410311493		30sec	13054	0.03260809831888692		1min	9622	0.024035170983938252		5min	40487	0.10113406439687259		10min	32997	0.08242449978767517		>10min	299589	0.7483551070366947				
scrapy	45658		0sec	1110	0.024311183144246355		30sec	2184	0.04783389548381445		1min	1249	0.027355556528976303		5min	4307	0.09433177099303518		10min	1635	0.03580971571247098		>10min	35047	0.7675982303210829				
marketplace-tests	6535		0sec	10	0.001530221882172915		30sec	74	0.011323641928079572		1min	85	0.013006885998469778		5min	479	0.07329762815608264		10min	416	0.06365723029839326		>10min	5471	0.8371843917368018				
sentry	433411		0sec	3706	0.008550775130303568		30sec	29518	0.06810625480202394		1min	14476	0.03340016750843887		5min	58634	0.13528498353756596		10min	41850	0.09655961662255919		>10min	284361	0.6561000989822593				
Kawaz3rd	23314		0sec	1502	0.06442480912756283		30sec	248	0.01063738526207429		1min	447	0.01917302908123874		5min	3373	0.144677018100712		10min	3244	0.13914386205713306		>10min	14185	0.6084327013811444				
Limnoria	120456		0sec	489	0.004059573620243076		30sec	4275	0.03549013747758518		1min	1803	0.014968121139669256		5min	6764	0.05615328418675699		10min	5110	0.042422129242212926		>10min	101989	0.8466909078833765				
fjord	21021		0sec	1019	0.048475334189619905		30sec	4379	0.20831549402977975		1min	192	0.009133723419437705		5min	1402	0.0666952095523524		10min	376	0.01788687502973217		>10min	13498	0.6421197849769278				
rootpy	11729		0sec	685	0.058402250831272914		30sec	871	0.07426038025407111		1min	301	0.02566288686162503		5min	1426	0.12157899224145281		10min	917	0.07818228322960184		>10min	7157	0.6101969477363799				
adhocracy	62145		0sec	2625	0.04223992276128409		30sec	1100	0.01770053906187143		1min	1047	0.01684769490707217		5min	4232	0.06809880119076353		10min	3812	0.061340413548958084		>10min	48105	0.7740767559739319				
hashstack	9709		0sec	149	0.01534658564218766		30sec	159	0.01637655783293851		1min	395	0.04068390153465856		5min	965	0.099392316407457		10min	273	0.028118240807498196		>10min	7745	0.7977134617365331				
wagtail	154504		0sec	6862	0.044413089628747474		30sec	6941	0.04492440325169575		1min	4559	0.029507326671154147		5min	19421	0.12569901102884068		10min	9137	0.05913762750478952		>10min	106652	0.690286335628851				
pybossa	49022		0sec	565	0.011525437558647138		30sec	1756	0.035820651952184736		1min	2206	0.045000203990045284		5min	6465	0.13187956427726327		10min	5086	0.10374933703235283		>10min	32841	0.6699237077230631				
beets	37746		0sec	573	0.015180416467970116		30sec	427	0.011312456949080698		1min	619	0.016399088645154453		5min	3047	0.08072378530175382		10min	2731	0.07235203730196577		>10min	30174	0.7993959624860912				
aws-cli	54442		0sec	1717	0.03153815069248007		30sec	1192	0.02189486058557731		1min	1254	0.023033687226773448		5min	6961	0.1278608427317145		10min	3258	0.05984350317769369		>10min	39687	0.728977627566952				
olympia	478080		0sec	5256	0.010993975903614457		30sec	10820	0.02263219544846051		1min	11222	0.02347305890227577		5min	60259	0.12604375836680054		10min	38059	0.07960801539491298		>10min	351233	0.7346741131191432				
dipy	57442		0sec	2672	0.046516486194770376		30sec	1109	0.01930643083458097		1min	606	0.01054977194387382		5min	2529	0.044027018557849656		10min	2018	0.0351310887503917		>10min	47755	0.8313603286793635				
teuthology	14995		0sec	1240	0.08269423141047015		30sec	575	0.0383461153717906		1min	192	0.012804268089363122		5min	1218	0.0812270756918973		10min	550	0.03667889296432144		>10min	11126	0.7419806602200734				
tp-libvirt	55846		0sec	2509	0.04492712101135265		30sec	815	0.01459370411488737		1min	335	0.005998639114708305		5min	2877	0.05151667084482327		10min	2316	0.041471188625863985		>10min	46611	0.8346345306736382				
libcloud	44732		0sec	1146	0.025619243494590004		30sec	1179	0.02635697040150228		1min	1159	0.025909863185191808		5min	3514	0.0785567379057498		10min	2927	0.06543414110703746		>10min	34696	0.7756415988554055				
miro	106715		0sec	1908	0.01787939839760109		30sec	3129	0.029321088881600524		1min	1698	0.01591154008339971		5min	12695	0.11896172047041184		10min	5282	0.04949632197910322		>10min	81671	0.76531883990067				
mrjob	50470		0sec	37	0.0007331087774915791		30sec	2536	0.05024767188428769		1min	2496	0.04945512185456707		5min	7677	0.15211016445413117		10min	4890	0.09688924113334654		>10min	32728	0.6484644343174163				
hy	8040		0sec	257	0.031965174129353235		30sec	166	0.02064676616915423		1min	132	0.016417910447761194		5min	726	0.09029850746268657		10min	465	0.05783582089552239		>10min	6289	0.7822139303482587				
backdrop	10561		0sec	455	0.04308304137865732		30sec	141	0.01335100842723227		1min	205	0.0194110406211533		5min	1264	0.11968563582994035		10min	759	0.07186819429978222		>10min	7695	0.7286241833159739				
oh-mainline	114671		0sec	2588	0.022568914546833987		30sec	2677	0.023345048006906715		1min	6833	0.059587864412100705		5min	21723	0.1894376084624709		10min	7185	0.06265751584969173		>10min	72667	0.6336998892483714				
numba	143463		0sec	3166	0.02206840788217171		30sec	2980	0.02077190634519005		1min	3070	0.02139924579856827		5min	10281	0.07166307689090567		10min	11515	0.0802645978405582		>10min	112337	0.783038135268327				
scikit-bio	93889		0sec	193	0.002055618869090096		30sec	4300	0.045798762368328555		1min	6338	0.06750524555592242		5min	14741	0.15700454792361193		10min	9551	0.1017265068325363		>10min	58514	0.6232252979582272				
cyder	196215		0sec	1764	0.008990138368626251		30sec	5550	0.02828529928904518		1min	1881	0.009586423056341258		5min	18791	0.09576739800728792		10min	12718	0.06481665519965345		>10min	155143	0.7906785923604209				
girder	168616		0sec	2871	0.017026853916591544		30sec	2263	0.013421027660482992		1min	2464	0.014613085353703089		5min	11702	0.06940029415951036		10min	13877	0.08229942591450397		>10min	135346	0.8026877639132703				
werkzeug	22322		0sec	248	0.011110115581041125		30sec	2549	0.11419227667771704		1min	1746	0.07821879759878148		5min	4353	0.19500940775916137		10min	1668	0.07472448705313144		>10min	11750	0.5263865245049727				
gunicorn	7541		0sec	348	0.04614772576581355		30sec	126	0.01670865932900146		1min	134	0.01776952658798568		5min	621	0.08234982097865004		10min	421	0.055828139504044555		>10min	5872	0.7786765680944172				
qtile	17189		0sec	675	0.03926930013380651		30sec	452	0.026295886904415616		1min	359	0.020885449997091163		5min	931	0.05416254581418349		10min	773	0.04497062074582582		>10min	13803	0.8030135551806388				
pootle	54357		0sec	9697	0.1783946869768383		30sec	3520	0.06475706900675166		1min	2743	0.0504626818992954		5min	5883	0.10822893095645456		10min	2609	0.04799749802233383		>10min	25885	0.4762036168294792				
ralph_pricing	22932		0sec	32	0.0013954299668585382		30sec	854	0.03724053724053724		1min	632	0.02755974184545613		5min	2519	0.10984650270364556		10min	1908	0.08320251177394035		>10min	16984	0.7406244549101691				
opendata	11884		0sec	1095	0.09214069336923594		30sec	337	0.028357455402221475		1min	2837	0.23872433524065972		5min	974	0.08195893638505554		10min	376	0.03163917872770111		>10min	5346	0.44984853584651635				
picard	29827		0sec	963	0.03228618365910081		30sec	748	0.02507794950883428		1min	527	0.017668555335769606		5min	2475	0.08297850940423107		10min	1567	0.05253629262077983		>10min	23388	0.7841217688671338				
onadata	77281		0sec	3075	0.03978985779169524		30sec	4252	0.055019991977329485		1min	2754	0.035636184831976815		5min	9733	0.1259429872801853		10min	4916	0.06361201330210531		>10min	51984	0.6726621032336538				
readthedocs	56676		0sec	1336	0.02357258804432211		30sec	2620	0.04622768014679935		1min	2027	0.035764697579222245		5min	8053	0.14208836191686075		10min	4607	0.08128661161691016		>10min	37850	0.6678311807467006				
botocore	29653		0sec	966	0.03257680504502074		30sec	1459	0.04920244157420834		1min	857	0.028900954372238895		5min	3650	0.12309041243719017		10min	1288	0.04343574006002765		>10min	21132	0.7126429029103295				
mopidy	60216		0sec	1090	0.018101501262123024		30sec	3295	0.05471967583366547		1min	3134	0.052045967849076655		5min	10926	0.18144679155041848		10min	5031	0.08354922279792747		>10min	36658	0.6087750763916567				
networkx	48328		0sec	405	0.00838023506042046		30sec	347	0.007180102632014567		1min	1198	0.02478894222810793		5min	2523	0.05220576063565635		10min	2517	0.0520816090051316		>10min	41326	0.8551150471776195				
cython	243185		0sec	5541	0.022785122437650348		30sec	9960	0.0409564734667023		1min	5735	0.023582869009190533		5min	21837	0.08979583444702592		10min	12779	0.052548471328412526		>10min	187123	0.7694676892078047				
SimpleCV	35922		0sec	41	0.0011413618395412282		30sec	1543	0.04295417849785647		1min	480	0.013362284950726574		5min	3184	0.08863649017315295		10min	3365	0.09367518512332275		>10min	27302	0.7600356327598686				
vispy	80512		0sec	2658	0.03301371224165342		30sec	1361	0.01690431240063593		1min	1232	0.015302066772655007		5min	6761	0.08397505961844197		10min	5115	0.06353090222575516		>10min	63016	0.7826907790143084				
Minecraft-Overviewer	14490		0sec	124	0.008557625948930296		30sec	169	0.011663216011042098		1min	324	0.02236024844720497		5min	1173	0.08095238095238096		10min	684	0.04720496894409938		>10min	11998	0.8280193236714976				
astroquery	32722		0sec	1081	0.03303587800256708		30sec	765	0.02337876657905996		1min	430	0.013141006050974879		5min	2055	0.0628017847319846		10min	1533	0.04684921459568486		>10min	26705	0.8161175967239166				
Flexget	227660		0sec	2287	0.010045682157603444		30sec	6502	0.028560133532460688		1min	4660	0.020469120618466133		5min	26143	0.11483352367565668		10min	21936	0.09635421242203286		>10min	165716	0.7279100412896424				
django-extensions	6948		0sec	44	0.0063327576280944155		30sec	305	0.04389752446747265		1min	222	0.03195164075993091		5min	590	0.08491652274035694		10min	363	0.05224525043177893		>10min	5420	0.7800805987334485				
stacktach	3731		0sec	86	0.023050120611096223		30sec	132	0.03537925489145002		1min	69	0.018493701420530688		5min	364	0.0975609756097561		10min	114	0.030554811042615922		>10min	2965	0.7946931117662825				
pyzmq	8057		0sec	363	0.045053990318977284		30sec	387	0.048032766538413804		1min	209	0.02594017624425965		5min	704	0.08737743577013776		10min	390	0.048405113565843365		>10min	5932	0.7362541889040586				
solitude	6253		0sec	25	0.003998080921157845		30sec	227	0.03630257476411323		1min	95	0.015192707500399808		5min	463	0.07404445865984327		10min	351	0.056133056133056136		>10min	5058	0.808891731968655				
biopython	76344		0sec	3425	0.044862726605889136		30sec	1661	0.021756785078067692		1min	1114	0.014591847427433722		5min	5347	0.0700382479304202		10min	4701	0.06157654825526564		>10min	59300	0.7767473540815257				
flask-admin	8693		0sec	25	0.002875877142528471		30sec	434	0.04992522719429426		1min	90	0.010353157713102495		5min	310	0.03566087656735304		10min	307	0.03531577131024963		>10min	7522	0.8652939146439664				
PyOP2	7735		0sec	2327	0.30084033613445377		30sec	352	0.04550743374272786		1min	190	0.02456367162249515		5min	564	0.07291531997414351		10min	259	0.0334841628959276		>10min	3752	0.4850678733031674				
write-it	12783		0sec	541	0.04232183368536337		30sec	715	0.055933661894703904		1min	426	0.03332551044355785		5min	2061	0.16122975827270594		10min	1077	0.08425252288195259		>10min	7870	0.615661425330517				
django-timepiece	36408		0sec	158	0.004339705559217755		30sec	894	0.024555042847725774		1min	1046	0.02872994946165678		5min	6787	0.18641507361019558		10min	6773	0.18603054273785982		>10min	20749	0.5699022192924632				
cuckoo	242942		0sec	1769	0.007281573379654403		30sec	2225	0.009158564595664808		1min	1825	0.007512081072848663		5min	11046	0.045467642482567856		10min	7014	0.02887108857258111		>10min	218815	0.9006882301125372				
django-allauth	9560		0sec	207	0.021652719665271967		30sec	104	0.010878661087866108		1min	416	0.04351464435146443		5min	780	0.08158995815899582		10min	527	0.0551255230125523		>10min	7524	0.7870292887029289				
urllib3	8365		0sec	250	0.029886431560071727		30sec	309	0.03693962940824865		1min	219	0.026180514046622833		5min	950	0.11356843992827256		10min	491	0.058696951583980875		>10min	6123	0.7319784817692767				
zipline	23983		0sec	1933	0.08059875745319602		30sec	661	0.027561189175666096		1min	357	0.014885543926948255		5min	1393	0.05808280865613143		10min	1369	0.057082099820706333		>10min	17823	0.7431513989075595				
raven-python	10566		0sec	159	0.015048268029528676		30sec	690	0.0653038046564452		1min	525	0.04968767745599091		5min	1262	0.11943971228468674		10min	674	0.06378951353397691		>10min	7244	0.6855953056975204				
osc-plugin-factory	8573		0sec	669	0.07803569345619969		30sec	305	0.035576810917998365		1min	241	0.02811151288930363		5min	831	0.09693222909133326		10min	431	0.050274116411991136		>10min	6054	0.706170535401843				
pythran	75539		0sec	3970	0.05255563351381406		30sec	520	0.006883861316670859		1min	358	0.004739273752631092		5min	1217	0.01611088311997776		10min	1379	0.018255470684017526		>10min	67377	0.891949853717947				
mozmill-ci	4206		0sec	13	0.003090822634331907		30sec	23	0.005468378506894912		1min	71	0.016880646695197336		5min	273	0.06490727532097004		10min	171	0.04065620542082739		>10min	3655	0.8689966714217784				
quark	7074		0sec	33	0.004664970313825276		30sec	104	0.014701724625388747		1min	99	0.013994910941475827		5min	197	0.02784845914616907		10min	348	0.04919423240033927		>10min	6289	0.8890302516256715				
pyclaw	28406		0sec	279	0.009821868619305781		30sec	1169	0.04115327747658945		1min	1116	0.039287474477223125		5min	3879	0.1365556572555094		10min	450	0.015841723579525454		>10min	21484	0.7563190875167218				
mackup	5265		0sec	15	0.002849002849002849		30sec	181	0.03437796771130104		1min	249	0.0472934472934473		5min	953	0.18100664767331434		10min	286	0.05432098765432099		>10min	3581	0.6801519468186135				
catkin	7366		0sec	129	0.017512897094759707		30sec	544	0.07385283736084713		1min	351	0.047651371164811294		5min	724	0.09828943795818626		10min	433	0.05878360032582134		>10min	5173	0.702280749389085				
autotest-docker	6430		0sec	707	0.10995334370139968		30sec	195	0.030326594090202177		1min	52	0.008087091757387248		5min	700	0.1088646967340591		10min	237	0.03685847589424572		>10min	4411	0.6860031104199067				
pombola	31054		0sec	3438	0.11071037547497907		30sec	1400	0.04508275906485477		1min	842	0.027114059380434083		5min	2577	0.08298447865009338		10min	2334	0.07515939975526502		>10min	20042	0.6453918979841566				
Socorro-Tests	2303		0sec	5	0.0021710811984368217		30sec	29	0.012592270950933565		1min	52	0.022579244463742945		5min	206	0.08944854537559704		10min	136	0.059053408597481545		>10min	1874	0.8137212331741207				
cellcounter	4982		0sec	0		30sec	457	0.09173022882376555		1min	287	0.05760738659173023		5min	1186	0.23805700521878764		10min	501	0.10056202328382176		>10min	2546	0.5110397430750703				
coding-events	7539		0sec	250	0.03316089667064597		30sec	425	0.05637352434009816		1min	517	0.06857673431489587		5min	1454	0.19286377503647698		10min	769	0.10200291815890701		>10min	4124	0.547022151478976				
wouso	27800		0sec	892	0.032086330935251796		30sec	1199	0.0431294964028777		1min	832	0.029928057553956836		5min	2908	0.1046043165467626		10min	1921	0.06910071942446043		>10min	19925	0.716726618705036				
tp-qemu	43019		0sec	3291	0.07650108091773403		30sec	910	0.021153443827146144		1min	188	0.00437016202143239		5min	1885	0.04381784792765987		10min	2511	0.058369557637323044		>10min	33966	0.7895581022338967				
XBlock	4405		0sec	256	0.05811577752553916		30sec	117	0.02656072644721907		1min	51	0.011577752553916005		5min	436	0.09897843359818388		10min	289	0.06560726447219069		>10min	3246	0.7368898978433598				
launchpad	4343		0sec	24	0.005526134008749712		30sec	315	0.07253050886483997		1min	123	0.028321436794842274		5min	473	0.10891089108910891		10min	339	0.07805664287358968		>10min	3068	0.7064241307851715				
riak-python-client	6787		0sec	175	0.025784588183291587		30sec	76	0.011197878296743775		1min	129	0.019006925003683513		5min	436	0.06424045970237219		10min	544	0.08015323412406071		>10min	5418	0.7982908501547076				
dimagi-utils	2868		0sec	19	0.006624825662482566		30sec	156	0.05439330543933055		1min	42	0.014644351464435146		5min	219	0.07635983263598327		10min	124	0.043235704323570434		>10min	2307	0.8043933054393305				
Kotti	15255		0sec	285	0.018682399213372666		30sec	493	0.032317273025237625		1min	546	0.03579154375614552		5min	1672	0.10960340871845296		10min	994	0.06515896427400852		>10min	11200	0.7341855129465749				
eutester	22652		0sec	42	0.001854140914709518		30sec	1119	0.04939961151333216		1min	1236	0.054564718347165815		5min	3162	0.1395903231502737		10min	1507	0.0665283418682677		>10min	15579	0.6877538407204662				
mongo-python-driver	12815		0sec	1085	0.08466640655481857		30sec	200	0.015606710885680842		1min	133	0.01037846273897776		5min	602	0.04697619976589933		10min	515	0.04018728053062817		>10min	10214	0.7970347249317207				
ieee	15812		0sec	258	0.016316721477358968		30sec	306	0.019352390589425752		1min	235	0.014862130027826968		5min	1355	0.08569440930938528		10min	1496	0.09461168732608145		>10min	12096	0.7649886162408297				
tweepy	2663		0sec	86	0.03229440480660909		30sec	40	0.015020653398422831		1min	47	0.01764926774314683		5min	244	0.09162598573037928		10min	242	0.09087495306045813		>10min	2001	0.7514081862561022				
django-debug-toolbar	5954		0sec	248	0.04165267047363117		30sec	229	0.038461538461538464		1min	149	0.02502519314746389		5min	590	0.09909304669129997		10min	519	0.08716829022505879		>10min	4149	0.6968424588511924				
virtualenv	3038		0sec	18	0.005924950625411455		30sec	190	0.06254114549045425		1min	171	0.05628703094140882		5min	481	0.15832784726793944		10min	218	0.07175773535220539		>10min	1958	0.6445029624753127				
casexml	5114		0sec	268	0.05240516229956981		30sec	153	0.029917872506843957		1min	110	0.021509581540868204		5min	361	0.07059053578412201		10min	213	0.041650371529135706		>10min	3935	0.7694563942119671				
Sylius-Docs	6099		0sec	92	0.015084440072142975		30sec	272	0.044597474995900964		1min	45	0.0073782587309394985		5min	1158	0.18986719134284308		10min	362	0.05935399245777996		>10min	4170	0.6837186424003935				
pyrax	16227		0sec	88	0.0054230603315461885		30sec	1673	0.10309977198496333		1min	127	0.007826462069390522		5min	2211	0.136254390830098		10min	2693	0.1659579712824305		>10min	9426	0.5808837123312997				
curriculum	2773		0sec	0		30sec	74	0.026685899747565814		1min	57	0.020555355210962856		5min	282	0.1016949152542373		10min	105	0.03786512802019473		>10min	2250	0.8113956004327443				
eve	10220		0sec	404	0.03953033268101761		30sec	437	0.04275929549902153		1min	425	0.041585127201565555		5min	1083	0.10596868884540117		10min	612	0.059882583170254404		>10min	7234	0.7078277886497064				
sm	1607		0sec	393	0.2445550715619166		30sec	169	0.10516490354698195		1min	38	0.023646546359676415		5min	189	0.11761045426260112		10min	84	0.0522713130056005		>10min	722	0.4492843808338519				
ooni-probe	18834		0sec	1026	0.0544759477540618		30sec	572	0.030370606350217693		1min	490	0.026016778167144525		5min	1798	0.09546564723372623		10min	1136	0.060316448975257515		>10min	13708	0.7278326430922799				
supervisor	7583		0sec	136	0.017934854279308982		30sec	70	0.009231174996703152		1min	209	0.027561651061585125		5min	580	0.07648687854411183		10min	538	0.07094817354608994		>10min	6042	0.7967822761440063				
freeseer	29585		0sec	2120	0.07165793476423864		30sec	209	0.007064390738549941		1min	146	0.004934933243197566		5min	2500	0.08450228156160217		10min	1650	0.05577150583065743		>10min	22743	0.7687341558222072				
bcfg2	155378		0sec	2853	0.018361672823694473		30sec	3907	0.025145129941175712		1min	3545	0.02281532778128178		5min	13619	0.08765076136904838		10min	6343	0.04082302513869402		>10min	124770	0.8030094350551558				
regulations-parser	9971		0sec	4	0.0004011633737839735		30sec	252	0.025273292548390332		1min	195	0.01955671447196871		5min	1364	0.13679671046033498		10min	622	0.06238090462340788		>10min	7534	0.7555912145221141				
MakeAPI	1373		0sec	17	0.012381646030589949		30sec	44	0.032046613255644577		1min	20	0.014566642388929352		5min	62	0.04515659140568099		10min	81	0.05899490167516387		>10min	1149	0.8368536052439912				
django-filer	14416		0sec	83	0.005757491675915649		30sec	476	0.0330188679245283		1min	490	0.03399001109877913		5min	2115	0.14671198668146504		10min	851	0.05903163152053274		>10min	10399	0.7213512763596004				
BinPy	7676		0sec	607	0.07907764460656592		30sec	153	0.01993225638353309		1min	426	0.05549765502866076		5min	899	0.11711829077644606		10min	819	0.10669619593538301		>10min	4763	0.6205054715997915				
spyne	31874		0sec	1553	0.04872309719520612		30sec	4620	0.14494572378741294		1min	1660	0.052080065256949234		5min	4340	0.13616113446696368		10min	1845	0.05788416891510322		>10min	17558	0.5508564974587438				
cookcountyjail	1353		0sec	0		30sec	51	0.037694013303769404		1min	78	0.057649667405764965		5min	207	0.15299334811529933		10min	83	0.06134515890613452		>10min	934	0.6903178122690318				
fabric	32191		0sec	420	0.01304712497281849		30sec	7049	0.2189742474604703		1min	2111	0.06557733528004722		5min	4361	0.13547264763443198		10min	1521	0.047249231151564104		>10min	16526	0.5133733030971389				
feincms	37556		0sec	270	0.007189264032378315		30sec	2472	0.06582170625199701		1min	2030	0.05405261476195548		5min	5441	0.14487698370433486		10min	1336	0.035573543508360846		>10min	25956	0.6911279156459686				
trelby	2055		0sec	60	0.029197080291970802		30sec	42	0.020437956204379562		1min	44	0.02141119221411192		5min	180	0.08759124087591241		10min	205	0.09975669099756691		>10min	1522	0.7406326034063261				
django-userena	4534		0sec	90	0.019850022055580063		30sec	189	0.04168504631671813		1min	83	0.018306131451257167		5min	466	0.1027790030877812		10min	176	0.0388178209086899		>10min	3510	0.7741508601676224				
