symfony	src	0 sec	0.05679652763074317		src	30 sec	0.12529112852000848		src	1 min	0.06600677535464747		src	5 min	0.2567224221892865		src	10 min	0.11147575693415203		src	>10 min	0.6592737666737243		test	0 sec	5.2932458183358036e-05		test	30 sec	0.023237349142494177		test	1 min	0.017679441033241584		test	5 min	0.09506669489731102		test	10 min	0.040546262968452255		test	>10 min	0.21400592843531654		others	0 sec	0.03403557061189922		others	30 sec	0.02773660808807961		others	1 min	0.0067753546474698285		others	5 min	0.0220728350624603		others	10 min	0.015191615498623755		others	>10 min	0.08019267414778743				
app	src	0 sec	0.0016938386618674571		src	30 sec	0.027154351048062672		src	1 min	0.023872538640694475		src	5 min	0.13428964641117933		src	10 min	0.0995130213847131		src	>10 min	0.29218716917213633		test	0 sec	0.0010586491636671606		test	30 sec	0.032182934575481686		test	1 min	0.029218716917213637		test	5 min	0.1835168325217023		test	10 min	0.15091043828075376		test	>10 min	0.6182511115816218		others	0 sec	0.17250688121956384		others	30 sec	0.277789540546263		others	1 min	0.26847342790599193		others	5 min	1.3075375820453101		others	10 min	0.90715646834639		others	>10 min	3.1898157950455217				
zf2	src	0 sec	0.007622273978403557		src	30 sec	0.003281812407368198		src	1 min	0.0017467711200508153		src	5 min	0.006563624814736396		src	10 min	0.0037052720728350625		src	>10 min	0.024401863222528054		test	0 sec	0.00010586491636671607		test	30 sec	0.013021384713106076		test	1 min	0.002646622909167902		test	5 min	0.014397628625873385		test	10 min	0.006881219563836544		test	>10 min	0.04885665890323947		others	0 sec	0.0789752276095702		others	30 sec	0.16059707812830828		others	1 min	0.07495236078763498		others	5 min	0.2634977768367563		others	10 min	0.11544569129790387		others	>10 min	0.5849565953842897				
core	src	0 sec	0.02805420283717976		src	30 sec	0.007992801185687064		src	1 min	0.004922718611052297		src	5 min	0.015720940080457338		src	10 min	0.005822570400169384		src	>10 min	0.0760639424094855		test	0 sec	0.005822570400169384		test	30 sec	0.015244547956807113		test	1 min	0.005557908109252593		test	5 min	0.01508575058225704		test	10 min	0.006722422189286471		test	>10 min	0.06844166843108195		others	0 sec	0.017838238407791657		others	30 sec	0.005452043192885878		others	1 min	0.005822570400169384		others	5 min	0.01688545416049121		others	10 min	0.008786788058437434		others	>10 min	0.05859623120897735				
joomla-cms	src	0 sec	0.0		src	30 sec	0.0011115816218505187		src	1 min	0.0021702307855176795		src	5 min	0.006987084480203261		src	10 min	0.004710988778318865		src	>10 min	0.036417531230150325		test	0 sec	0.0		test	30 sec	0.0012703789964005929		test	1 min	0.0012174465382172347		test	5 min	0.003281812407368198		test	10 min	0.0020643658691509633		test	>10 min	0.022390429811560447		others	0 sec	0.007357611687486767		others	30 sec	0.055579081092525934		others	1 min	0.07071776413296633		others	5 min	0.2516409062036841		others	10 min	0.14831674782976922		others	>10 min	0.9883548591996613				
cakephp	src	0 sec	0.03387677323734914		src	30 sec	0.016091467287740843		src	1 min	0.01646199449502435		src	5 min	0.07024137200931611		src	10 min	0.04462206224857082		src	>10 min	0.38275460512386195		test	0 sec	0.016620791869574422		test	30 sec	0.010957018843955113		test	1 min	0.010427694262121532		test	5 min	0.05367351259792505		test	10 min	0.03742324793563413		test	>10 min	0.3541710777048486		others	0 sec	0.061878043616345545		others	30 sec	0.028477662502646623		others	1 min	0.022549227186110524		others	5 min	0.10268896887571459		others	10 min	0.0715117510057167		others	>10 min	0.4640059284353165				
framework	src	0 sec	0.0		src	30 sec	0.0		src	1 min	0.0		src	5 min	0.0		src	10 min	0.0		src	>10 min	0.0		test	0 sec	0.0		test	30 sec	5.2932458183358036e-05		test	1 min	0.0003175947491001482		test	5 min	0.0006351894982002964		test	10 min	0.0005822570400169384		test	>10 min	0.007781071352953631		others	0 sec	0.0010057167054838027		others	30 sec	0.00645775989836968		others	1 min	0.004710988778318865		others	5 min	0.021120050815159858		others	10 min	0.011645140800338767		others	>10 min	0.09030277366080881				
phpbb	src	0 sec	0.0		src	30 sec	0.0		src	1 min	0.0		src	5 min	0.0		src	10 min	0.0		src	>10 min	0.0		test	0 sec	0.0027524878255346177		test	30 sec	0.03435316536099937		test	1 min	0.009739572305737878		test	5 min	0.03451196273554944		test	10 min	0.015297480414990473		test	>10 min	0.11798644929070506		others	0 sec	0.10253017150116452		others	30 sec	0.12693203472369258		others	1 min	0.058913825958077495		others	5 min	0.20177853059496084		others	10 min	0.12100359940715646		others	>10 min	0.7808066906627144				
silverstripe-framework	src	0 sec	0.026201566800762226		src	30 sec	0.02614863434257887		src	1 min	0.01318018208765615		src	5 min	0.02943044674994707		src	10 min	0.016514926953207706		src	>10 min	0.2282976921448232		test	0 sec	0.006987084480203261		test	30 sec	0.028371797586279907		test	1 min	0.00915731526572094		test	5 min	0.04245183146305315		test	10 min	0.02673089138259581		test	>10 min	0.4533135718822782		others	0 sec	0.0011115816218505187		others	30 sec	0.0008469193309337286		others	1 min	0.0007939868727503706		others	5 min	0.00269955536735126		others	10 min	0.0018526360364175313		others	>10 min	0.06748888418378149				
processmaker	src	0 sec	0.0		src	30 sec	0.0		src	1 min	0.0		src	5 min	0.0		src	10 min	0.0		src	>10 min	0.00010586491636671607		test	0 sec	0.0		test	30 sec	0.00021172983273343214		test	1 min	0.0001587973745500741		test	5 min	0.0007939868727503706		test	10 min	0.0005822570400169384		test	>10 min	0.00322887994918484		others	0 sec	0.0010586491636671606		others	30 sec	0.012756722422189287		others	1 min	0.011168748676688545		others	5 min	0.06717128943468134		others	10 min	0.037899640059284354		others	>10 min	0.2388841837814948				
dolibarr	src	0 sec	0.0		src	30 sec	0.00021172983273343214		src	1 min	5.2932458183358036e-05		src	5 min	0.00026466229091679015		src	10 min	0.00021172983273343214		src	>10 min	0.0023290281600677537		test	0 sec	0.0005293245818335803		test	30 sec	0.027101418589879314		test	1 min	0.039805208553885245		test	5 min	0.11481050179970358		test	10 min	0.06351894982002965		test	>10 min	0.332945161973322		others	0 sec	0.04118145246665255		others	30 sec	0.15773872538640696		others	1 min	0.1351894982002964		others	5 min	0.48337920813042556		others	10 min	0.35893499894135084		others	>10 min	1.6690662714376456				
PrestaShop	src	0 sec	0.049174253652339614		src	30 sec	0.01291551979673936		src	1 min	0.008257463476603853		src	5 min	0.04096972263391912		src	10 min	0.03101842049544781		src	>10 min	0.15292187169172136		test	0 sec	0.004393394029218717		test	30 sec	0.003017150116451408		test	1 min	0.0023819606182511116		test	5 min	0.01079822146940504		test	10 min	0.007410544145670125		test	>10 min	0.02943044674994707		others	0 sec	0.5432458183358035		others	30 sec	0.13021384713106077		others	1 min	0.07272919754393393		others	5 min	0.29658056320135506		others	10 min	0.19934363751852635		others	>10 min	0.7340143976286259				
woocommerce	src	0 sec	0.0		src	30 sec	5.2932458183358036e-05		src	1 min	0.0001587973745500741		src	5 min	0.00021172983273343214		src	10 min	0.0001587973745500741		src	>10 min	0.001535041287317383		test	0 sec	0.0		test	30 sec	0.0		test	1 min	0.0		test	5 min	0.0		test	10 min	0.0		test	>10 min	0.0		others	0 sec	0.05547321617615922		others	30 sec	0.09559601947914462		others	1 min	0.05790810925259369		others	5 min	0.23216176159220833		others	10 min	0.1429176370950667		others	>10 min	0.7862058013974169				
pim-community-dev	src	0 sec	0.17277154351048063		src	30 sec	0.10522972686851577		src	1 min	0.0925788693626932		src	5 min	0.2697438069023925		src	10 min	0.15975015879737456		src	>10 min	0.598030912555579		test	0 sec	0.00021172983273343214		test	30 sec	0.0034935422401016305		test	1 min	0.0011645140800338768		test	5 min	0.0046051238619521494		test	10 min	0.0033876773237349143		test	>10 min	0.027789540546262967		others	0 sec	0.034141435528265936		others	30 sec	0.029112852000846918		others	1 min	0.029800973957230574		others	5 min	0.08516832521702308		others	10 min	0.03631166631378361		others	>10 min	0.13455430870209611				
Elgg	src	0 sec	0.0		src	30 sec	0.0008998517891170866		src	1 min	0.0010057167054838027		src	5 min	0.0037582045310184204		src	10 min	0.0027524878255346177		src	>10 min	0.023502011433410967		test	0 sec	0.0		test	30 sec	0.0003175947491001482		test	1 min	0.00026466229091679015		test	5 min	0.0019055684946008892		test	10 min	0.0013762439127673089		test	>10 min	0.021966970146093584		others	0 sec	0.01370950666948973		others	30 sec	0.020061401651492696		others	1 min	0.021649375396993437		others	5 min	0.10067753546474699		others	10 min	0.08580351471522338		others	>10 min	0.5276307431717129				
foundation	src	0 sec	0.00021172983273343214		src	30 sec	0.005293245818335804		src	1 min	0.0013762439127673089		src	5 min	0.005346178276519162		src	10 min	0.0029642176582680498		src	>10 min	0.013127249629472792		test	0 sec	0.0004234596654668643		test	30 sec	0.00783400381113699		test	1 min	0.0037052720728350625		test	5 min	0.015403345331357189		test	10 min	0.011539275883972052		test	>10 min	0.08453313571882279		others	0 sec	0.022390429811560447		others	30 sec	0.0668536946855812		others	1 min	0.035147152233749736		others	5 min	0.11983908532712259		others	10 min	0.06637730256193097		others	>10 min	0.3445903027736608				
concrete5	src	0 sec	0.005610840567435952		src	30 sec	0.02905991954266356		src	1 min	0.019796739360575907		src	5 min	0.06807114122379844		src	10 min	0.0372115181029007		src	>10 min	0.23110311242854117		test	0 sec	0.0		test	30 sec	0.0013762439127673089		test	1 min	0.0012174465382172347		test	5 min	0.005134448443785729		test	10 min	0.003123015032818124		test	>10 min	0.0312830827863646		others	0 sec	0.006563624814736396		others	30 sec	0.04091679017573576		others	1 min	0.032447596866398476		others	5 min	0.12957865763286047		others	10 min	0.06944738513656575		others	>10 min	0.41546686428117724				
laravel	src	0 sec	0.0		src	30 sec	0.0		src	1 min	0.0		src	5 min	0.00010586491636671607		src	10 min	5.2932458183358036e-05		src	>10 min	0.0007410544145670124		test	0 sec	0.0		test	30 sec	0.0016938386618674571		test	1 min	0.0012703789964005929		test	5 min	0.002858352741901334		test	10 min	0.0012174465382172347		test	>10 min	0.013021384713106076		others	0 sec	0.0004763921236502223		others	30 sec	0.01884395511327546		others	1 min	0.017626508575058226		others	5 min	0.051079822146940505		others	10 min	0.021384713106076647		others	>10 min	0.1667372432775778				
pyrocms	src	0 sec	0.0		src	30 sec	0.0		src	1 min	0.0		src	5 min	5.2932458183358036e-05		src	10 min	0.0		src	>10 min	0.0001587973745500741		test	0 sec	0.0		test	30 sec	0.0		test	1 min	0.0		test	5 min	0.0		test	10 min	0.0		test	>10 min	0.0		others	0 sec	0.0		others	30 sec	0.007304679229303409		others	1 min	0.004710988778318865		others	5 min	0.007569341520220199		others	10 min	0.0038111369892017783		others	>10 min	0.033717975862799066				
SonataAdminBundle	src	0 sec	0.001323311454583951		src	30 sec	0.0		src	1 min	0.00010586491636671607		src	5 min	0.0001587973745500741		src	10 min	0.0		src	>10 min	0.004128731738301927		test	0 sec	0.0		test	30 sec	0.0		test	1 min	0.0		test	5 min	0.0		test	10 min	0.0		test	>10 min	0.0		others	0 sec	0.011168748676688545		others	30 sec	0.008522125767520644		others	1 min	0.007992801185687064		others	5 min	0.027313148422612746		others	10 min	0.017891170865975015		others	>10 min	0.20516620791869575				
phpmyadmin	src	0 sec	0.0010586491636671606		src	30 sec	0.001640906203684099		src	1 min	0.0006881219563836544		src	5 min	0.0007939868727503706		src	10 min	0.0003175947491001482		src	>10 min	0.0025407579928011857		test	0 sec	0.07526995553673513		test	30 sec	0.20230785517679442		test	1 min	0.08437433834427271		test	5 min	0.17435951725598137		test	10 min	0.06775354647469828		test	>10 min	0.4394982002964218		others	0 sec	0.21792293034088503		others	30 sec	1.880266779589244		others	1 min	0.6226974380690239		others	5 min	0.8134660173618463		others	10 min	0.21649375396993437		others	>10 min	0.9787740842684735				
CM	src	0 sec	5.2932458183358036e-05		src	30 sec	0.00021172983273343214		src	1 min	0.00021172983273343214		src	5 min	0.0006351894982002964		src	10 min	0.0008998517891170866		src	>10 min	0.004128731738301927		test	0 sec	0.0001587973745500741		test	30 sec	0.0012703789964005929		test	1 min	0.001535041287317383		test	5 min	0.0037052720728350625		test	10 min	0.0035464746982849884		test	>10 min	0.021437645564260005		others	0 sec	0.0025407579928011857		others	30 sec	0.03160067753546475		others	1 min	0.03181240736819818		others	5 min	0.12269743806902393		others	10 min	0.07754605123861952		others	>10 min	0.4299703578234173				
Sylius	src	0 sec	0.10427694262121533		src	30 sec	0.028107135295363118		src	1 min	0.027895405462629686		src	5 min	0.08845013762439127		src	10 min	0.05139741689604065		src	>10 min	0.3883654456912979		test	0 sec	0.0017467711200508153		test	30 sec	0.0013762439127673089		test	1 min	0.0012174465382172347		test	5 min	0.004340461571035359		test	10 min	0.003070082574634766		test	>10 min	0.022760957018843956		others	0 sec	0.015350412873173831		others	30 sec	0.007357611687486767		others	1 min	0.0063518949820029645		others	5 min	0.01804996824052509		others	10 min	0.010427694262121532		others	>10 min	0.08500952784247301				
Elkarte	src	0 sec	0.0		src	30 sec	0.0		src	1 min	0.0		src	5 min	0.0		src	10 min	0.0		src	>10 min	0.0		test	0 sec	0.0		test	30 sec	0.00026466229091679015		test	1 min	0.0003705272072835062		test	5 min	0.001535041287317383		test	10 min	0.00021172983273343214		test	>10 min	0.009792504763921236		others	0 sec	0.09834850730467923		others	30 sec	0.04652763074317171		others	1 min	0.05118568706330722		others	5 min	0.12417954689815795		others	10 min	0.05653186533982638		others	>10 min	0.3594643235231844				
composer	src	0 sec	0.011486343425788694		src	30 sec	0.016038534829557485		src	1 min	0.007939868727503706		src	5 min	0.034141435528265936		src	10 min	0.02339614651704425		src	>10 min	0.18923353800550496		test	0 sec	5.2932458183358036e-05		test	30 sec	0.0013762439127673089		test	1 min	0.0007410544145670124		test	5 min	0.0027524878255346177		test	10 min	0.0019055684946008892		test	>10 min	0.01974380690239255		others	0 sec	0.0022231632437010374		others	30 sec	0.004287529112852001		others	1 min	0.004075799280118569		others	5 min	0.01619733220410756		others	10 min	0.010904086385771755		others	>10 min	0.06500105864916367				
Easy-Digital-Downloads	src	0 sec	0.0		src	30 sec	0.0		src	1 min	0.0		src	5 min	0.0003175947491001482		src	10 min	0.00021172983273343214		src	>10 min	0.0019055684946008892		test	0 sec	0.0		test	30 sec	0.0		test	1 min	0.0		test	5 min	0.0		test	10 min	0.0		test	>10 min	0.0		others	0 sec	0.0009527842473004446		others	30 sec	0.06605970781283083		others	1 min	0.04689815795045522		others	5 min	0.1811348719034512		others	10 min	0.084268473427906		others	>10 min	0.39911073470251957				
doctrine2	src	0 sec	0.0		src	30 sec	0.0		src	1 min	0.0		src	5 min	0.0		src	10 min	0.0		src	>10 min	0.0		test	0 sec	0.0		test	30 sec	0.0001587973745500741		test	1 min	0.0		test	5 min	0.0003175947491001482		test	10 min	5.2932458183358036e-05		test	>10 min	0.0004763921236502223		others	0 sec	0.043986872750370526		others	30 sec	0.03546474698284988		others	1 min	0.02159644293881008		others	5 min	0.08162185051873809		others	10 min	0.04996824052508998		others	>10 min	0.375661655727292				
Phraseanet	src	0 sec	0.0		src	30 sec	0.0		src	1 min	0.0		src	5 min	0.0004234596654668643		src	10 min	0.0001587973745500741		src	>10 min	0.0010586491636671606		test	0 sec	0.0004763921236502223		test	30 sec	0.0034935422401016305		test	1 min	0.004234596654668642		test	5 min	0.013603641753123015		test	10 min	0.006934152022019902		test	>10 min	0.05219140376879102		others	0 sec	0.12333262756722423		others	30 sec	0.05197967393605759		others	1 min	0.0382172348083845		others	5 min	0.07241160279483379		others	10 min	0.03202413720093161		others	>10 min	0.22120474274825322				
core	src	0 sec	0.02805420283717976		src	30 sec	0.007992801185687064		src	1 min	0.004922718611052297		src	5 min	0.015720940080457338		src	10 min	0.005822570400169384		src	>10 min	0.0760639424094855		test	0 sec	0.005822570400169384		test	30 sec	0.015244547956807113		test	1 min	0.005557908109252593		test	5 min	0.01508575058225704		test	10 min	0.006722422189286471		test	>10 min	0.06844166843108195		others	0 sec	0.017838238407791657		others	30 sec	0.005452043192885878		others	1 min	0.005822570400169384		others	5 min	0.01688545416049121		others	10 min	0.008786788058437434		others	>10 min	0.05859623120897735				
ezpublish-kernel	src	0 sec	0.0004763921236502223		src	30 sec	0.0019055684946008892		src	1 min	0.0016938386618674571		src	5 min	0.003281812407368198		src	10 min	0.001323311454583951		src	>10 min	0.00889265297480415		test	0 sec	0.0003705272072835062		test	30 sec	0.0011115816218505187		test	1 min	0.0012174465382172347		test	5 min	0.003440609781918272		test	10 min	0.0012703789964005929		test	>10 min	0.01561507516409062		others	0 sec	0.18044674994706755		others	30 sec	0.03848189709930129		others	1 min	0.031071352953631167		others	5 min	0.08246876984967182		others	10 min	0.042504763921236505		others	>10 min	0.3268579292822359				
wet-boew-drupal	src	0 sec	0.0		src	30 sec	0.0		src	1 min	0.00010586491636671607		src	5 min	0.00026466229091679015		src	10 min	5.2932458183358036e-05		src	>10 min	0.0010586491636671606		test	0 sec	0.0		test	30 sec	0.0		test	1 min	0.0		test	5 min	0.00010586491636671607		test	10 min	0.00021172983273343214		test	>10 min	0.0011115816218505187		others	0 sec	5.2932458183358036e-05		others	30 sec	0.015456277789540547		others	1 min	0.02339614651704425		others	5 min	0.046686428117721786		others	10 min	0.020326063942409486		others	>10 min	0.12846707601100996				
WCF	src	0 sec	0.0004763921236502223		src	30 sec	0.0025407579928011857		src	1 min	0.0011115816218505187		src	5 min	0.002911285200084692		src	10 min	0.001323311454583951		src	>10 min	0.013074317171289434		test	0 sec	0.0		test	30 sec	0.006034300232902816		test	1 min	0.005346178276519162		test	5 min	0.012756722422189287		test	10 min	0.004128731738301927		test	>10 min	0.05123861952149058		others	0 sec	0.0263603641753123		others	30 sec	0.08617404192250688		others	1 min	0.026519161549862377		others	5 min	0.1290493330510269		others	10 min	0.07304679229303408		others	>10 min	0.4687169172136354				
php-mpos	src	0 sec	0.0		src	30 sec	0.0		src	1 min	0.0		src	5 min	5.2932458183358036e-05		src	10 min	0.0		src	>10 min	0.0		test	0 sec	0.0		test	30 sec	0.0010586491636671606		test	1 min	0.0006881219563836544		test	5 min	0.0019585009527842475		test	10 min	0.0008469193309337286		test	>10 min	0.004658056320135507		others	0 sec	0.011009951302138471		others	30 sec	0.013974168960406522		others	1 min	0.013921236502223162		others	5 min	0.03848189709930129		others	10 min	0.020537793775142917		others	>10 min	0.10067753546474699				
nette	src	0 sec	0.0		src	30 sec	0.0		src	1 min	0.0		src	5 min	0.0		src	10 min	0.0		src	>10 min	0.0		test	0 sec	0.00021172983273343214		test	30 sec	0.0		test	1 min	5.2932458183358036e-05		test	5 min	0.0006881219563836544		test	10 min	0.00010586491636671607		test	>10 min	0.011962735549438917		others	0 sec	0.022602159644293882		others	30 sec	0.012809654880372645		others	1 min	0.005081515985602371		others	5 min	0.019690874444209187		others	10 min	0.010957018843955113		others	>10 min	0.1390006351894982				
dokuwiki	src	0 sec	0.0		src	30 sec	0.0		src	1 min	0.0		src	5 min	0.00026466229091679015		src	10 min	5.2932458183358036e-05		src	>10 min	0.0005293245818335803		test	0 sec	0.0010586491636671606		test	30 sec	0.001323311454583951		test	1 min	0.0010057167054838027		test	5 min	0.007886936269320348		test	10 min	0.0068282871056531864		test	>10 min	0.059919542663561295		others	0 sec	0.009369045098454373		others	30 sec	0.009474910014821088		others	1 min	0.012015668007622275		others	5 min	0.050815159856023716		others	10 min	0.030489095913614227		others	>10 min	0.30859623120897733				
concrete5-5	src	0 sec	0.005610840567435952		src	30 sec	0.02905991954266356		src	1 min	0.019796739360575907		src	5 min	0.06807114122379844		src	10 min	0.0372115181029007		src	>10 min	0.23126190980309125		test	0 sec	0.0		test	30 sec	0.0013762439127673089		test	1 min	0.0012174465382172347		test	5 min	0.005134448443785729		test	10 min	0.003123015032818124		test	>10 min	0.0312830827863646		others	0 sec	0.006563624814736396		others	30 sec	0.04091679017573576		others	1 min	0.032447596866398476		others	5 min	0.12963159009104383		others	10 min	0.06955325005293246		others	>10 min	0.41551979673936057				
UNL_UndergraduateBulletin	src	0 sec	5.2932458183358036e-05		src	30 sec	0.00269955536735126		src	1 min	0.0021702307855176795		src	5 min	0.00968663984755452		src	10 min	0.007622273978403557		src	>10 min	0.03901122168113487		test	0 sec	0.0		test	30 sec	0.00010586491636671607		test	1 min	0.0		test	5 min	0.00010586491636671607		test	10 min	5.2932458183358036e-05		test	>10 min	0.0005293245818335803		others	0 sec	0.0007410544145670124		others	30 sec	0.05886089349989414		others	1 min	0.023343214058860893		others	5 min	0.08320982426423883		others	10 min	0.042716493753969936		others	>10 min	0.1497459242007199				
FrameworkBenchmarks	src	0 sec	0.004022866821935211		src	30 sec	0.004710988778318865		src	1 min	0.005293245818335804		src	5 min	0.01730891382595808		src	10 min	0.008680923142070718		src	>10 min	0.09337285623544357		test	0 sec	0.00021172983273343214		test	30 sec	0.0012703789964005929		test	1 min	0.0008469193309337286		test	5 min	0.0046051238619521494		test	10 min	0.00269955536735126		test	>10 min	0.03969934363751853		others	0 sec	0.09247300444632649		others	30 sec	0.014450561084056743		others	1 min	0.014662290916790176		others	5 min	0.04483379208130425		others	10 min	0.024931187804361633		others	>10 min	0.13556002540757991				
forkcms	src	0 sec	0.0329239889900487		src	30 sec	0.020802456066059707		src	1 min	0.015456277789540547		src	5 min	0.05579081092525937		src	10 min	0.029959771331780648		src	>10 min	0.13709506669489732		test	0 sec	0.00010586491636671607		test	30 sec	0.0006881219563836544		test	1 min	0.0003175947491001482		test	5 min	0.0019055684946008892		test	10 min	0.0007939868727503706		test	>10 min	0.008469193309337285		others	0 sec	0.007463476603853483		others	30 sec	0.021649375396993437		others	1 min	0.01752064365869151		others	5 min	0.05568494600889265		others	10 min	0.03186533982638154		others	>10 min	0.1773237349142494				
arcavias-core	src	0 sec	0.002805420283717976		src	30 sec	0.004658056320135507		src	1 min	0.006034300232902816		src	5 min	0.015773872538640696		src	10 min	0.010004234596654669		src	>10 min	0.0665890323946644		test	0 sec	0.0		test	30 sec	0.0		test	1 min	0.0		test	5 min	0.0003705272072835062		test	10 min	0.00021172983273343214		test	>10 min	0.0020114334109676054		others	0 sec	0.0005822570400169384		others	30 sec	0.0023290281600677537		others	1 min	0.005081515985602371		others	5 min	0.012439127673089138		others	10 min	0.011062883760321829		others	>10 min	0.04102265509210248				
dbal	src	0 sec	0.0		src	30 sec	0.0		src	1 min	0.0		src	5 min	0.0		src	10 min	0.0		src	>10 min	0.0		test	0 sec	0.0		test	30 sec	0.0001587973745500741		test	1 min	0.0		test	5 min	0.0003175947491001482		test	10 min	5.2932458183358036e-05		test	>10 min	0.0004763921236502223		others	0 sec	0.011062883760321829		others	30 sec	0.019690874444209187		others	1 min	0.01402710141858988		others	5 min	0.0576434469616769		others	10 min	0.03482955748464959		others	>10 min	0.2802773660808808				
wp-cli	src	0 sec	0.001323311454583951		src	30 sec	0.001429176370950667		src	1 min	0.0015879737455007411		src	5 min	0.007886936269320348		src	10 min	0.005875502858352742		src	>10 min	0.029959771331780648		test	0 sec	0.0		test	30 sec	5.2932458183358036e-05		test	1 min	0.00010586491636671607		test	5 min	0.0003705272072835062		test	10 min	0.0008469193309337286		test	>10 min	0.0033347448655515564		others	0 sec	0.008151598560237137		others	30 sec	0.017097183993224647		others	1 min	0.01587973745500741		others	5 min	0.05711412237984332		others	10 min	0.036682193521067115		others	>10 min	0.2622273978403557				
lithium	src	0 sec	0.01370950666948973		src	30 sec	0.0015879737455007411		src	1 min	0.0007410544145670124		src	5 min	0.0035464746982849884		src	10 min	0.001640906203684099		src	>10 min	0.017944103324158373		test	0 sec	0.009369045098454373		test	30 sec	0.001429176370950667		test	1 min	0.0011115816218505187		test	5 min	0.004287529112852001		test	10 min	0.00269955536735126		test	>10 min	0.02741901333897946		others	0 sec	0.05409697226339191		others	30 sec	0.008151598560237137		others	1 min	0.004658056320135507		others	5 min	0.014662290916790176		others	10 min	0.00862799068388736		others	>10 min	0.07834003811136989				
thelia	src	0 sec	0.0015879737455007411		src	30 sec	0.0		src	1 min	0.0		src	5 min	0.00026466229091679015		src	10 min	0.00026466229091679015		src	>10 min	0.0022231632437010374		test	0 sec	0.0001587973745500741		test	30 sec	0.0		test	1 min	0.0001587973745500741		test	5 min	0.00026466229091679015		test	10 min	5.2932458183358036e-05		test	>10 min	0.0012703789964005929		others	0 sec	0.054785094219775565		others	30 sec	0.020008469193309338		others	1 min	0.024454795680711412		others	5 min	0.06023713741266144		others	10 min	0.03477662502646623		others	>10 min	0.233590937963159				
piwik	src	0 sec	0.0		src	30 sec	0.00010586491636671607		src	1 min	0.0		src	5 min	0.00010586491636671607		src	10 min	5.2932458183358036e-05		src	>10 min	0.0006351894982002964		test	0 sec	0.0004234596654668643		test	30 sec	0.0011645140800338768		test	1 min	0.001535041287317383		test	5 min	0.006140165149269532		test	10 min	0.004446326487402075		test	>10 min	0.0543616345543087		others	0 sec	0.048168536946855814		others	30 sec	0.054044039805208555		others	1 min	0.042981156044886726		others	5 min	0.18208765615075165		others	10 min	0.12126826169807325		others	>10 min	0.7822887994918484				
WP-e-Commerce	src	0 sec	0.0		src	30 sec	0.0		src	1 min	0.0		src	5 min	0.0		src	10 min	0.0		src	>10 min	0.0		test	0 sec	0.0		test	30 sec	0.0		test	1 min	0.0		test	5 min	5.2932458183358036e-05		test	10 min	0.0		test	>10 min	0.00026466229091679015		others	0 sec	0.005240313360152445		others	30 sec	0.04202837179758628		others	1 min	0.013074317171289434		others	5 min	0.04171077704848613		others	10 min	0.022602159644293882		others	>10 min	0.15599195426635612				
Codeception	src	0 sec	0.026201566800762226		src	30 sec	0.02614863434257887		src	1 min	0.01318018208765615		src	5 min	0.02943044674994707		src	10 min	0.016514926953207706		src	>10 min	0.2282976921448232		test	0 sec	0.006987084480203261		test	30 sec	0.028371797586279907		test	1 min	0.00915731526572094		test	5 min	0.04245183146305315		test	10 min	0.02673089138259581		test	>10 min	0.4533135718822782		others	0 sec	0.0011115816218505187		others	30 sec	0.0008469193309337286		others	1 min	0.0007939868727503706		others	5 min	0.00269955536735126		others	10 min	0.0018526360364175313		others	>10 min	0.06748888418378149				
mit-license	src	0 sec	0.0		src	30 sec	0.0		src	1 min	0.0		src	5 min	0.0		src	10 min	0.0		src	>10 min	0.0		test	0 sec	0.0		test	30 sec	0.0		test	1 min	0.0		test	5 min	0.00010586491636671607		test	10 min	0.0		test	>10 min	0.001640906203684099		others	0 sec	0.0016938386618674571		others	30 sec	0.0263603641753123		others	1 min	0.007304679229303409		others	5 min	0.015720940080457338		others	10 min	0.007092949396569977		others	>10 min	0.13460724116027947				
gaia	src	0 sec	0.0		src	30 sec	0.0		src	1 min	0.0		src	5 min	0.0		src	10 min	0.0		src	>10 min	0.0		test	0 sec	0.0		test	30 sec	5.2932458183358036e-05		test	1 min	5.2932458183358036e-05		test	5 min	0.0005822570400169384		test	10 min	0.0003705272072835062		test	>10 min	0.0017467711200508153		others	0 sec	5.2932458183358036e-05		others	30 sec	0.00809866610205378		others	1 min	0.013974168960406522		others	5 min	0.04589244124497142		others	10 min	0.02127884818970993		others	>10 min	0.11878043616345543				
MopaBootstrapBundle	src	0 sec	0.0		src	30 sec	0.0		src	1 min	0.0		src	5 min	0.0		src	10 min	0.0		src	>10 min	0.0		test	0 sec	0.0		test	30 sec	0.0		test	1 min	0.0		test	5 min	0.0		test	10 min	0.0		test	>10 min	0.0001587973745500741		others	0 sec	0.00010586491636671607		others	30 sec	0.007622273978403557		others	1 min	0.0033347448655515564		others	5 min	0.011433410967605336		others	10 min	0.006510692356553038		others	>10 min	0.06346601736184629				
core	src	0 sec	0.02805420283717976		src	30 sec	0.007992801185687064		src	1 min	0.004922718611052297		src	5 min	0.015720940080457338		src	10 min	0.005822570400169384		src	>10 min	0.0760639424094855		test	0 sec	0.005822570400169384		test	30 sec	0.015244547956807113		test	1 min	0.005557908109252593		test	5 min	0.01508575058225704		test	10 min	0.006722422189286471		test	>10 min	0.06844166843108195		others	0 sec	0.017838238407791657		others	30 sec	0.005452043192885878		others	1 min	0.005822570400169384		others	5 min	0.01688545416049121		others	10 min	0.008786788058437434		others	>10 min	0.05859623120897735				
symfony-standard	src	0 sec	5.2932458183358036e-05		src	30 sec	0.002117298327334321		src	1 min	0.0016938386618674571		src	5 min	0.0038111369892017783		src	10 min	0.0007410544145670124		src	>10 min	0.017203048909591363		test	0 sec	0.0		test	30 sec	0.0		test	1 min	0.0		test	5 min	0.0		test	10 min	0.0		test	>10 min	0.0		others	0 sec	0.0019055684946008892		others	30 sec	0.008416260851153927		others	1 min	0.0035464746982849884		others	5 min	0.009051450349354223		others	10 min	0.00269955536735126		others	>10 min	0.042081304255769635				
chamilo-lms	src	0 sec	0.0005822570400169384		src	30 sec	0.019214482320558966		src	1 min	0.012015668007622275		src	5 min	0.02937751429176371		src	10 min	0.01318018208765615		src	>10 min	0.089297056955325		test	0 sec	0.0001587973745500741		test	30 sec	0.007781071352953631		test	1 min	0.009104382807537581		test	5 min	0.03181240736819818		test	10 min	0.018526360364175314		test	>10 min	0.14376455642600042		others	0 sec	0.0025407579928011857		others	30 sec	0.12957865763286047		others	1 min	0.101418589879314		others	5 min	0.3075375820453102		others	10 min	0.19944950243489307		others	>10 min	1.1641435528265933				
ilios	src	0 sec	0.05886089349989414		src	30 sec	0.004234596654668642		src	1 min	0.0037582045310184204		src	5 min	0.011962735549438917		src	10 min	0.00809866610205378		src	>10 min	0.06394240948549651		test	0 sec	0.00010586491636671607		test	30 sec	0.0		test	1 min	0.0		test	5 min	0.0		test	10 min	0.0		test	>10 min	0.0		others	0 sec	0.0161443997459242		others	30 sec	0.006404827440186322		others	1 min	0.0134977768367563		others	5 min	0.04171077704848613		others	10 min	0.022178699978827016		others	>10 min	0.11729832733432141				
silverstripe-cms	src	0 sec	0.0007939868727503706		src	30 sec	0.0005822570400169384		src	1 min	0.0003175947491001482		src	5 min	0.001640906203684099		src	10 min	0.0009527842473004446		src	>10 min	0.024931187804361633		test	0 sec	0.0		test	30 sec	0.00010586491636671607		test	1 min	0.0		test	5 min	0.0		test	10 min	0.0		test	>10 min	0.00010586491636671607		others	0 sec	0.030700825746347662		others	30 sec	0.0392229515138683		others	1 min	0.011539275883972052		others	5 min	0.022972686851577388		others	10 min	0.011168748676688545		others	>10 min	0.15032818124073682				
phpunit	src	0 sec	0.005875502858352742		src	30 sec	0.06860046580563202		src	1 min	0.013815371585856447		src	5 min	0.0345648951937328		src	10 min	0.009263180182087657		src	>10 min	0.052561930976074527		test	0 sec	0.0		test	30 sec	0.004128731738301927		test	1 min	0.0017467711200508153		test	5 min	0.004128731738301927		test	10 min	0.0023290281600677537		test	>10 min	0.012439127673089138		others	0 sec	0.009792504763921236		others	30 sec	0.030065636248147364		others	1 min	0.022813889477027314		others	5 min	0.05240313360152445		others	10 min	0.0204319288587762		others	>10 min	0.1487402074952361				
mongodb-odm	src	0 sec	0.0		src	30 sec	0.0		src	1 min	0.0		src	5 min	0.0		src	10 min	0.0		src	>10 min	0.0		test	0 sec	0.0		test	30 sec	0.0		test	1 min	0.00010586491636671607		test	5 min	0.00026466229091679015		test	10 min	0.0005822570400169384		test	>10 min	0.007198814312936693		others	0 sec	0.022760957018843956		others	30 sec	0.010163031971204743		others	1 min	0.006987084480203261		others	5 min	0.02397840355706119		others	10 min	0.010321829345754817		others	>10 min	0.10073046792293035				
Elastica	src	0 sec	0.0		src	30 sec	5.2932458183358036e-05		src	1 min	0.0		src	5 min	0.0		src	10 min	0.0		src	>10 min	0.00010586491636671607		test	0 sec	0.0031759474910014822		test	30 sec	0.0011645140800338768		test	1 min	0.001323311454583951		test	5 min	0.008575058225704002		test	10 min	0.007145881854753335		test	>10 min	0.06272496294727928		others	0 sec	0.0015879737455007411		others	30 sec	0.0022231632437010374		others	1 min	0.0025407579928011857		others	5 min	0.010004234596654669		others	10 min	0.005557908109252593		others	>10 min	0.050815159856023716				
vhs	src	0 sec	0.0		src	30 sec	0.0		src	1 min	0.0		src	5 min	0.0		src	10 min	0.0		src	>10 min	0.0		test	0 sec	0.0		test	30 sec	0.0		test	1 min	0.0		test	5 min	0.0		test	10 min	0.0		test	>10 min	0.0		others	0 sec	0.006616557272919754		others	30 sec	0.009845437222104594		others	1 min	0.004869786152868939		others	5 min	0.014185898793139954		others	10 min	0.009474910014821088		others	>10 min	0.07373491424941775				
gallery3	src	0 sec	0.0		src	30 sec	5.2932458183358036e-05		src	1 min	5.2932458183358036e-05		src	5 min	0.00010586491636671607		src	10 min	0.00010586491636671607		src	>10 min	0.0022760957018843953		test	0 sec	0.0		test	30 sec	0.0003175947491001482		test	1 min	0.00026466229091679015		test	5 min	0.0005822570400169384		test	10 min	0.0003175947491001482		test	>10 min	0.0036523396146517046		others	0 sec	0.0036523396146517046		others	30 sec	0.030859623120897735		others	1 min	0.02265509210247724		others	5 min	0.06489519373279695		others	10 min	0.035888206648316746		others	>10 min	0.23422612746135932				
sulu	src	0 sec	0.06246030065636248		src	30 sec	0.05658479779800974		src	1 min	0.04165784459030277		src	5 min	0.13746559390218083		src	10 min	0.07834003811136989		src	>10 min	0.3146834639000635		test	0 sec	0.00010586491636671607		test	30 sec	0.001535041287317383		test	1 min	0.0010057167054838027		test	5 min	0.005187380901969087		test	10 min	0.003281812407368198		test	>10 min	0.024401863222528054		others	0 sec	0.004446326487402075		others	30 sec	0.014715223374973534		others	1 min	0.008257463476603853		others	5 min	0.021966970146093584		others	10 min	0.007939868727503706		others	>10 min	0.02498412026254499				
FOSRestBundle	src	0 sec	0.0		src	30 sec	0.0		src	1 min	0.0		src	5 min	0.0		src	10 min	0.0		src	>10 min	0.0		test	0 sec	0.0		test	30 sec	0.0		test	1 min	0.0		test	5 min	0.0		test	10 min	0.0		test	>10 min	0.0		others	0 sec	0.0037052720728350625		others	30 sec	0.008416260851153927		others	1 min	0.005557908109252593		others	5 min	0.017573576116874868		others	10 min	0.009792504763921236		others	>10 min	0.09744865551556214				
DoctrineExtensions	src	0 sec	0.0		src	30 sec	0.0		src	1 min	0.0		src	5 min	0.0		src	10 min	0.0		src	>10 min	5.2932458183358036e-05		test	0 sec	0.0		test	30 sec	0.0		test	1 min	0.0		test	5 min	0.0		test	10 min	0.0		test	>10 min	0.0003705272072835062		others	0 sec	0.0067753546474698285		others	30 sec	0.002911285200084692		others	1 min	0.0023819606182511116		others	5 min	0.01079822146940504		others	10 min	0.004658056320135507		others	>10 min	0.07976921448232056				
phpcr-odm	src	0 sec	0.0		src	30 sec	0.0		src	1 min	0.0		src	5 min	0.0		src	10 min	0.0		src	>10 min	0.0		test	0 sec	0.0		test	30 sec	0.0		test	1 min	0.0		test	5 min	0.0		test	10 min	0.0		test	>10 min	0.0		others	0 sec	0.008257463476603853		others	30 sec	0.005293245818335804		others	1 min	0.004552191403768791		others	5 min	0.013444844378572941		others	10 min	0.008310395934787211		others	>10 min	0.08945585432987507				
phpDocumentor2	src	0 sec	0.0019585009527842475		src	30 sec	0.004234596654668642		src	1 min	0.004075799280118569		src	5 min	0.015297480414990473		src	10 min	0.007728138894770273		src	>10 min	0.07002964217658268		test	0 sec	0.0		test	30 sec	0.00010586491636671607		test	1 min	0.0001587973745500741		test	5 min	0.0003705272072835062		test	10 min	0.0003175947491001482		test	>10 min	0.004340461571035359		others	0 sec	0.0022760957018843953		others	30 sec	0.004287529112852001		others	1 min	0.003440609781918272		others	5 min	0.013550709294939657		others	10 min	0.00783400381113699		others	>10 min	0.04393394029218717				
AdmingeneratorGeneratorBundle	src	0 sec	0.0		src	30 sec	0.0		src	1 min	0.0		src	5 min	0.0		src	10 min	0.0		src	>10 min	0.0		test	0 sec	0.0		test	30 sec	0.0		test	1 min	0.0		test	5 min	0.0		test	10 min	0.0		test	>10 min	0.0		others	0 sec	0.004128731738301927		others	30 sec	0.004022866821935211		others	1 min	0.005081515985602371		others	5 min	0.01688545416049121		others	10 min	0.00942197755663773		others	>10 min	0.07235867033665043				
guzzle	src	0 sec	0.014926953207706966		src	30 sec	0.0012703789964005929		src	1 min	0.0018526360364175313		src	5 min	0.008204531018420495		src	10 min	0.006404827440186322		src	>10 min	0.07749311878043616		test	0 sec	0.00010586491636671607		test	30 sec	0.0		test	1 min	0.0		test	5 min	0.0		test	10 min	0.00010586491636671607		test	>10 min	0.0009527842473004446		others	0 sec	0.0012174465382172347		others	30 sec	0.0012174465382172347		others	1 min	0.001535041287317383		others	5 min	0.0067753546474698285		others	10 min	0.004499258945585433		others	>10 min	0.03451196273554944				
atk4	src	0 sec	0.0		src	30 sec	0.0		src	1 min	0.0		src	5 min	0.0		src	10 min	0.0		src	>10 min	0.0		test	0 sec	0.0		test	30 sec	0.0005293245818335803		test	1 min	0.0005293245818335803		test	5 min	0.0009527842473004446		test	10 min	0.00010586491636671607		test	>10 min	0.0035994071564683463		others	0 sec	0.005822570400169384		others	30 sec	0.0319182722845649		others	1 min	0.017944103324158373		others	5 min	0.03403557061189922		others	10 min	0.01402710141858988		others	>10 min	0.15863857717552404				
Propel2	src	0 sec	0.0050285835274190135		src	30 sec	0.0031759474910014822		src	1 min	0.003917001905568495		src	5 min	0.010004234596654669		src	10 min	0.0050285835274190135		src	>10 min	0.04446326487402075		test	0 sec	0.0007939868727503706		test	30 sec	0.00010586491636671607		test	1 min	0.0008469193309337286		test	5 min	0.002646622909167902		test	10 min	0.0020643658691509633		test	>10 min	0.03498835485919966		others	0 sec	0.003281812407368198		others	30 sec	0.0017997035782341732		others	1 min	0.003070082574634766		others	5 min	0.014662290916790176		others	10 min	0.009633707389371162		others	>10 min	0.07717552403133601				
mantisbt	src	0 sec	0.0		src	30 sec	0.0		src	1 min	5.2932458183358036e-05		src	5 min	0.00010586491636671607		src	10 min	0.0		src	>10 min	0.0004234596654668643		test	0 sec	0.0		test	30 sec	5.2932458183358036e-05		test	1 min	0.0		test	5 min	0.00010586491636671607		test	10 min	0.0001587973745500741		test	>10 min	0.0011115816218505187		others	0 sec	0.07262333262756722		others	30 sec	0.019055684946008893		others	1 min	0.01291551979673936		others	5 min	0.05912555579081093		others	10 min	0.03742324793563413		others	>10 min	0.37518526360364174				
flux	src	0 sec	0.0		src	30 sec	0.0		src	1 min	0.0		src	5 min	0.0		src	10 min	0.0		src	>10 min	0.0		test	0 sec	0.0		test	30 sec	0.0		test	1 min	0.0		test	5 min	0.0		test	10 min	0.0		test	>10 min	0.0		others	0 sec	0.010851153927588397		others	30 sec	0.010639424094854966		others	1 min	0.007092949396569977		others	5 min	0.020008469193309338		others	10 min	0.01318018208765615		others	>10 min	0.09204954478085962				
_s	src	0 sec	0.0		src	30 sec	0.0		src	1 min	0.0		src	5 min	0.0		src	10 min	0.0		src	>10 min	0.0		test	0 sec	0.0		test	30 sec	0.0		test	1 min	0.0		test	5 min	0.0		test	10 min	0.0		test	>10 min	0.0		others	0 sec	0.0014821088291340249		others	30 sec	0.0013762439127673089		others	1 min	0.002117298327334321		others	5 min	0.008045733643870422		others	10 min	0.0059284353165360995		others	>10 min	0.0480626720304891				
wordpress-seo	src	0 sec	0.0001587973745500741		src	30 sec	0.0046051238619521494		src	1 min	0.005187380901969087		src	5 min	0.02318441668431082		src	10 min	0.017573576116874868		src	>10 min	0.09882489942832945		test	0 sec	0.0		test	30 sec	5.2932458183358036e-05		test	1 min	0.0		test	5 min	0.0005822570400169384		test	10 min	0.0004763921236502223		test	>10 min	0.0024348930764344695		others	0 sec	0.0031759474910014822		others	30 sec	0.03477662502646623		others	1 min	0.029748041499047216		others	5 min	0.10099513021384714		others	10 min	0.0602900698708448		others	>10 min	0.22607452890112217				
ojs	src	0 sec	0.0		src	30 sec	0.0		src	1 min	0.0		src	5 min	0.0		src	10 min	0.0		src	>10 min	0.0		test	0 sec	0.0		test	30 sec	0.0		test	1 min	0.00010586491636671607		test	5 min	0.00010586491636671607		test	10 min	0.0		test	>10 min	0.0011115816218505187		others	0 sec	0.050338767732373495		others	30 sec	0.02344907897522761		others	1 min	0.018420495447808598		others	5 min	0.04896252381960618		others	10 min	0.0332945161973322		others	>10 min	0.39762862587338554				
Propel	src	0 sec	0.0		src	30 sec	0.0		src	1 min	0.0		src	5 min	0.0		src	10 min	0.0		src	>10 min	0.0		test	0 sec	0.0012703789964005929		test	30 sec	0.00021172983273343214		test	1 min	0.0011115816218505187		test	5 min	0.004975651069235656		test	10 min	0.0034935422401016305		test	>10 min	0.05097395723057379		others	0 sec	0.0015879737455007411		others	30 sec	0.0010586491636671606		others	1 min	0.0027524878255346177		others	5 min	0.011856870633072199		others	10 min	0.008310395934787211		others	>10 min	0.07495236078763498				
WP-API	src	0 sec	0.0		src	30 sec	0.0		src	1 min	0.0		src	5 min	0.0		src	10 min	0.0		src	>10 min	0.0		test	0 sec	0.0		test	30 sec	0.0		test	1 min	0.0		test	5 min	0.0		test	10 min	0.0		test	>10 min	0.0		others	0 sec	0.0011115816218505187		others	30 sec	0.021437645564260005		others	1 min	0.013921236502223162		others	5 min	0.04869786152868939		others	10 min	0.02498412026254499		others	>10 min	0.11518102900698708				
PHProjekt	src	0 sec	0.0		src	30 sec	0.0		src	1 min	0.0		src	5 min	0.0		src	10 min	0.0		src	>10 min	0.0		test	0 sec	0.0		test	30 sec	0.00010586491636671607		test	1 min	0.0001587973745500741		test	5 min	0.0007410544145670124		test	10 min	0.0001587973745500741		test	>10 min	0.001535041287317383		others	0 sec	0.02397840355706119		others	30 sec	0.020114334109676054		others	1 min	0.017203048909591363		others	5 min	0.04774507728138895		others	10 min	0.019902604276942622		others	>10 min	0.15990895617192463				
FOSElasticaBundle	src	0 sec	0.0		src	30 sec	5.2932458183358036e-05		src	1 min	5.2932458183358036e-05		src	5 min	0.0003175947491001482		src	10 min	0.00021172983273343214		src	>10 min	0.001429176370950667		test	0 sec	0.0		test	30 sec	0.0		test	1 min	0.0		test	5 min	0.0		test	10 min	0.0		test	>10 min	0.0		others	0 sec	0.003440609781918272		others	30 sec	0.0050285835274190135		others	1 min	0.0055049756510692355		others	5 min	0.016356129578657633		others	10 min	0.008522125767520644		others	>10 min	0.06145458395087868				
phpseclib	src	0 sec	0.0		src	30 sec	0.0		src	1 min	0.0		src	5 min	0.0		src	10 min	0.0		src	>10 min	0.0		test	0 sec	0.0		test	30 sec	0.0		test	1 min	0.0		test	5 min	0.0		test	10 min	0.0		test	>10 min	0.0		others	0 sec	0.0041816641964852845		others	30 sec	0.018685157738725387		others	1 min	0.007463476603853483		others	5 min	0.01910861740419225		others	10 min	0.011168748676688545		others	>10 min	0.09845437222104594				
croogo	src	0 sec	0.010374761803938174		src	30 sec	0.0063518949820029645		src	1 min	0.0036523396146517046		src	5 min	0.008204531018420495		src	10 min	0.0033876773237349143		src	>10 min	0.03408850307008258		test	0 sec	0.0		test	30 sec	5.2932458183358036e-05		test	1 min	0.0		test	5 min	0.0003175947491001482		test	10 min	0.0001587973745500741		test	>10 min	0.003017150116451408		others	0 sec	0.027789540546262967		others	30 sec	0.010374761803938174		others	1 min	0.005240313360152445		others	5 min	0.01699131907685793		others	10 min	0.009051450349354223		others	>10 min	0.08305102688968875				
drush	src	0 sec	0.0007410544145670124		src	30 sec	0.0012174465382172347		src	1 min	0.0011645140800338768		src	5 min	0.0035994071564683463		src	10 min	0.002117298327334321		src	>10 min	0.026254499258945584		test	0 sec	5.2932458183358036e-05		test	30 sec	0.0001587973745500741		test	1 min	0.0004234596654668643		test	5 min	0.0010586491636671606		test	10 min	0.0006351894982002964		test	>10 min	0.011221681134871904		others	0 sec	0.007781071352953631		others	30 sec	0.005981367774719458		others	1 min	0.005240313360152445		others	5 min	0.03038323099724751		others	10 min	0.02048486131695956		others	>10 min	0.2551873809019691				
Faker	src	0 sec	0.0020114334109676054		src	30 sec	0.0015879737455007411		src	1 min	0.0022231632437010374		src	5 min	0.008839720516620792		src	10 min	0.005822570400169384		src	>10 min	0.0408638577175524		test	0 sec	0.0008998517891170866		test	30 sec	0.0004763921236502223		test	1 min	0.0008998517891170866		test	5 min	0.0036523396146517046		test	10 min	0.002117298327334321		test	>10 min	0.028636459877196697		others	0 sec	0.0006351894982002964		others	30 sec	0.0004763921236502223		others	1 min	0.0011645140800338768		others	5 min	0.0041816641964852845		others	10 min	0.001640906203684099		others	>10 min	0.014609358458606819				
HWIOAuthBundle	src	0 sec	0.0		src	30 sec	0.0		src	1 min	0.0		src	5 min	0.0		src	10 min	0.0		src	>10 min	0.0		test	0 sec	0.0		test	30 sec	0.0		test	1 min	0.0		test	5 min	0.0		test	10 min	0.0		test	>10 min	0.0		others	0 sec	0.0027524878255346177		others	30 sec	0.0031759474910014822		others	1 min	0.003281812407368198		others	5 min	0.009316112640271015		others	10 min	0.006616557272919754		others	>10 min	0.043986872750370526				
SonataMediaBundle	src	0 sec	0.0003175947491001482		src	30 sec	5.2932458183358036e-05		src	1 min	0.0		src	5 min	0.0		src	10 min	0.0		src	>10 min	0.0009527842473004446		test	0 sec	0.0		test	30 sec	0.0		test	1 min	0.0		test	5 min	0.0		test	10 min	0.0		test	>10 min	0.0		others	0 sec	0.0012703789964005929		others	30 sec	0.0022760957018843953		others	1 min	0.001640906203684099		others	5 min	0.007092949396569977		others	10 min	0.004022866821935211		others	>10 min	0.06473639635824688				
jigoshop	src	0 sec	0.0008469193309337286		src	30 sec	0.00010586491636671607		src	1 min	5.2932458183358036e-05		src	5 min	0.0003175947491001482		src	10 min	0.0		src	>10 min	0.0015879737455007411		test	0 sec	0.0		test	30 sec	0.0		test	1 min	0.0		test	5 min	0.0		test	10 min	0.0		test	>10 min	0.0		others	0 sec	0.008522125767520644		others	30 sec	0.009474910014821088		others	1 min	0.012015668007622275		others	5 min	0.03387677323734914		others	10 min	0.019426212153292398		others	>10 min	0.1423883125132331				
Board3-Portal	src	0 sec	0.0		src	30 sec	0.0		src	1 min	0.0		src	5 min	0.0		src	10 min	0.0		src	>10 min	0.0		test	0 sec	0.0		test	30 sec	0.0		test	1 min	0.0		test	5 min	0.0		test	10 min	0.0		test	>10 min	0.0		others	0 sec	0.0020114334109676054		others	30 sec	0.006563624814736396		others	1 min	0.005240313360152445		others	5 min	0.016514926953207706		others	10 min	0.009104382807537581		others	>10 min	0.06590091043828075				
phpspec	src	0 sec	0.005187380901969087		src	30 sec	0.002911285200084692		src	1 min	0.003123015032818124		src	5 min	0.011909803091255559		src	10 min	0.006722422189286471		src	>10 min	0.0539911073470252		test	0 sec	0.0		test	30 sec	0.0		test	1 min	0.0		test	5 min	0.0		test	10 min	0.0		test	>10 min	0.0		others	0 sec	0.0019585009527842475		others	30 sec	0.004975651069235656		others	1 min	0.0050285835274190135		others	5 min	0.011909803091255559		others	10 min	0.006404827440186322		others	>10 min	0.031494812619098034				
framework	src	0 sec	0.0		src	30 sec	0.0		src	1 min	0.0		src	5 min	0.0		src	10 min	0.0		src	>10 min	0.0		test	0 sec	0.0		test	30 sec	5.2932458183358036e-05		test	1 min	0.0003175947491001482		test	5 min	0.0006351894982002964		test	10 min	0.0005822570400169384		test	>10 min	0.007781071352953631		others	0 sec	0.0010057167054838027		others	30 sec	0.00645775989836968		others	1 min	0.004710988778318865		others	5 min	0.021120050815159858		others	10 min	0.011645140800338767		others	>10 min	0.09030277366080881				
ZoneMinder	src	0 sec	0.0025407579928011857		src	30 sec	0.007939868727503706		src	1 min	0.006616557272919754		src	5 min	0.01646199449502435		src	10 min	0.008733855600254076		src	>10 min	0.07818124073681981		test	0 sec	0.0		test	30 sec	0.0001587973745500741		test	1 min	0.0001587973745500741		test	5 min	0.0005293245818335803		test	10 min	0.0008469193309337286		test	>10 min	0.005557908109252593		others	0 sec	0.0009527842473004446		others	30 sec	0.028636459877196697		others	1 min	0.02397840355706119		others	5 min	0.04933305102688969		others	10 min	0.023290281600677535		others	>10 min	0.15360999364810501				
WikibaseDataModel	src	0 sec	0.0011645140800338768		src	30 sec	0.0014821088291340249		src	1 min	0.0017997035782341732		src	5 min	0.006987084480203261		src	10 min	0.005240313360152445		src	>10 min	0.03017150116451408		test	0 sec	0.0		test	30 sec	0.0		test	1 min	0.0		test	5 min	0.0		test	10 min	0.0		test	>10 min	0.0		others	0 sec	0.001640906203684099		others	30 sec	0.0025936904509845436		others	1 min	0.002117298327334321		others	5 min	0.009951302138471311		others	10 min	0.0038640694473851367		others	>10 min	0.03366504340461571				
thebuggenie	src	0 sec	0.0		src	30 sec	0.0		src	1 min	0.0		src	5 min	0.0		src	10 min	5.2932458183358036e-05		src	>10 min	5.2932458183358036e-05		test	0 sec	0.0		test	30 sec	0.0		test	1 min	0.0		test	5 min	0.0		test	10 min	0.0		test	>10 min	0.0		others	0 sec	0.009104382807537581		others	30 sec	0.04239889900486979		others	1 min	0.01402710141858988		others	5 min	0.040810925259369045		others	10 min	0.026572094008045735		others	>10 min	0.19786152868939233				
PocketMine-MP	src	0 sec	0.0018526360364175313		src	30 sec	0.009739572305737878		src	1 min	0.005716705483802668		src	5 min	0.030065636248147364		src	10 min	0.02180817277154351		src	>10 min	0.15181029006987085		test	0 sec	0.0		test	30 sec	0.0		test	1 min	0.0		test	5 min	0.0		test	10 min	0.0		test	>10 min	0.0		others	0 sec	0.0		others	30 sec	0.0020114334109676054		others	1 min	0.0008469193309337286		others	5 min	0.0038111369892017783		others	10 min	0.002117298327334321		others	>10 min	0.017891170865975015				
fof	src	0 sec	0.0		src	30 sec	0.0		src	1 min	0.0		src	5 min	0.0		src	10 min	0.0		src	>10 min	0.0		test	0 sec	0.0		test	30 sec	0.0004763921236502223		test	1 min	0.00010586491636671607		test	5 min	0.0010057167054838027		test	10 min	0.0003705272072835062		test	>10 min	0.005187380901969087		others	0 sec	0.004340461571035359		others	30 sec	0.008733855600254076		others	1 min	0.006140165149269532		others	5 min	0.022972686851577388		others	10 min	0.015509210247723905		others	>10 min	0.11671607029430446				
SonataPageBundle	src	0 sec	5.2932458183358036e-05		src	30 sec	0.0		src	1 min	5.2932458183358036e-05		src	5 min	0.0001587973745500741		src	10 min	0.0001587973745500741		src	>10 min	0.0031759474910014822		test	0 sec	0.0		test	30 sec	0.0		test	1 min	0.0		test	5 min	0.0		test	10 min	0.0		test	>10 min	0.0		others	0 sec	0.003440609781918272		others	30 sec	0.0021702307855176795		others	1 min	0.0018526360364175313		others	5 min	0.007040016938386619		others	10 min	0.0041816641964852845		others	>10 min	0.067859411391065				
monolog	src	0 sec	0.0012703789964005929		src	30 sec	0.002911285200084692		src	1 min	0.0020643658691509633		src	5 min	0.01079822146940504		src	10 min	0.006087232691086174		src	>10 min	0.04652763074317171		test	0 sec	0.0		test	30 sec	0.0		test	1 min	0.0		test	5 min	0.0		test	10 min	0.0		test	>10 min	0.0		others	0 sec	0.0003705272072835062		others	30 sec	0.0019585009527842475		others	1 min	0.0010057167054838027		others	5 min	0.004499258945585433		others	10 min	0.003070082574634766		others	>10 min	0.01619733220410756				
sandbox	src	0 sec	0.002858352741901334		src	30 sec	0.00021172983273343214		src	1 min	0.0006881219563836544		src	5 min	0.0017997035782341732		src	10 min	0.0012174465382172347		src	>10 min	0.016726656785941138		test	0 sec	0.0		test	30 sec	0.0		test	1 min	0.0		test	5 min	0.0		test	10 min	0.0		test	>10 min	0.0		others	0 sec	0.0063518949820029645		others	30 sec	0.0008998517891170866		others	1 min	0.0007410544145670124		others	5 min	0.0046051238619521494		others	10 min	0.0025936904509845436		others	>10 min	0.02127884818970993				
phing	src	0 sec	0.00021172983273343214		src	30 sec	0.001429176370950667		src	1 min	0.0010586491636671606		src	5 min	0.0017997035782341732		src	10 min	0.001323311454583951		src	>10 min	0.012597925047639213		test	0 sec	0.00026466229091679015		test	30 sec	0.0029642176582680498		test	1 min	0.0022231632437010374		test	5 min	0.0050285835274190135		test	10 min	0.002805420283717976		test	>10 min	0.030542028371797585		others	0 sec	0.001640906203684099		others	30 sec	0.008151598560237137		others	1 min	0.004869786152868939		others	5 min	0.01566800762227398		others	10 min	0.009845437222104594		others	>10 min	0.07961041710777049				
SonataUserBundle	src	0 sec	0.0001587973745500741		src	30 sec	0.0		src	1 min	5.2932458183358036e-05		src	5 min	5.2932458183358036e-05		src	10 min	0.0		src	>10 min	0.0012174465382172347		test	0 sec	0.0		test	30 sec	0.0		test	1 min	0.0		test	5 min	0.0		test	10 min	0.0		test	>10 min	0.0		others	0 sec	0.0014821088291340249		others	30 sec	0.001535041287317383		others	1 min	0.0009527842473004446		others	5 min	0.005346178276519162		others	10 min	0.0033347448655515564		others	>10 min	0.04800973957230574				
ZfcUser	src	0 sec	0.0004234596654668643		src	30 sec	0.0003175947491001482		src	1 min	0.0003175947491001482		src	5 min	0.0017997035782341732		src	10 min	0.001323311454583951		src	>10 min	0.01725598136777472		test	0 sec	0.0		test	30 sec	0.0		test	1 min	0.0		test	5 min	0.0		test	10 min	0.0		test	>10 min	0.0		others	0 sec	0.00021172983273343214		others	30 sec	0.0005822570400169384		others	1 min	0.0005293245818335803		others	5 min	0.003070082574634766		others	10 min	0.0015879737455007411		others	>10 min	0.011009951302138471				
Bonfire	src	0 sec	0.0		src	30 sec	0.0		src	1 min	0.0		src	5 min	0.0		src	10 min	0.0		src	>10 min	0.0		test	0 sec	0.0		test	30 sec	0.0003175947491001482		test	1 min	5.2932458183358036e-05		test	5 min	0.0007410544145670124		test	10 min	0.0004234596654668643		test	>10 min	0.005293245818335804		others	0 sec	0.004975651069235656		others	30 sec	0.005875502858352742		others	1 min	0.007198814312936693		others	5 min	0.02318441668431082		others	10 min	0.014450561084056743		others	>10 min	0.10941139106500106				
PHP_CodeSniffer	src	0 sec	0.0003175947491001482		src	30 sec	0.005187380901969087		src	1 min	0.00269955536735126		src	5 min	0.012544992589455854		src	10 min	0.00539911073470252		src	>10 min	0.03996400592843532		test	0 sec	0.0		test	30 sec	0.0		test	1 min	0.0		test	5 min	0.0		test	10 min	0.0		test	>10 min	0.00010586491636671607		others	0 sec	0.00026466229091679015		others	30 sec	0.01212153292398899		others	1 min	0.012280330298539064		others	5 min	0.03302985390641541		others	10 min	0.014609358458606819		others	>10 min	0.12672030489095915				
NelmioApiDocBundle	src	0 sec	0.0		src	30 sec	0.0		src	1 min	0.0		src	5 min	0.0		src	10 min	0.0		src	>10 min	0.0		test	0 sec	0.0		test	30 sec	0.0		test	1 min	0.0		test	5 min	0.0		test	10 min	0.0		test	>10 min	0.0		others	0 sec	0.00010586491636671607		others	30 sec	0.0001587973745500741		others	1 min	0.0004234596654668643		others	5 min	0.0014821088291340249		others	10 min	0.001323311454583951		others	>10 min	0.00942197755663773				
assetic	src	0 sec	0.0023290281600677537		src	30 sec	0.0017467711200508153		src	1 min	0.0016938386618674571		src	5 min	0.004922718611052297		src	10 min	0.0035994071564683463		src	>10 min	0.028954054626296844		test	0 sec	0.0		test	30 sec	0.0		test	1 min	0.0		test	5 min	0.0		test	10 min	0.0		test	>10 min	0.0001587973745500741		others	0 sec	0.0006351894982002964		others	30 sec	0.0011645140800338768		others	1 min	0.0004763921236502223		others	5 min	0.003281812407368198		others	10 min	0.0015879737455007411		others	>10 min	0.010163031971204743				
ua-parser	src	0 sec	5.2932458183358036e-05		src	30 sec	5.2932458183358036e-05		src	1 min	0.00010586491636671607		src	5 min	0.0005293245818335803		src	10 min	0.0005822570400169384		src	>10 min	0.0020114334109676054		test	0 sec	0.0		test	30 sec	0.0		test	1 min	0.0		test	5 min	0.00026466229091679015		test	10 min	5.2932458183358036e-05		test	>10 min	0.0022231632437010374		others	0 sec	0.0005822570400169384		others	30 sec	0.0035464746982849884		others	1 min	0.00322887994918484		others	5 min	0.007992801185687064		others	10 min	0.003440609781918272		others	>10 min	0.02514291763709507				
magento2	src	0 sec	0.004499258945585433		src	30 sec	0.08987931399534195		src	1 min	0.07389371162396782		src	5 min	0.34337285623544356		src	10 min	0.20717764132966335		src	>10 min	0.4138259580774931		test	0 sec	0.0008998517891170866		test	30 sec	0.04393394029218717		test	1 min	0.03625873385560025		test	5 min	0.18388735972898582		test	10 min	0.1136459877196697		test	>10 min	0.26884395511327547		others	0 sec	0.02514291763709507		others	30 sec	0.21347660385348297		others	1 min	0.11592208342155409		others	5 min	0.36788058437433835		others	10 min	0.19817912343849248		others	>10 min	0.4798327334321406				
webtrees	src	0 sec	0.0006881219563836544		src	30 sec	0.0004234596654668643		src	1 min	0.00021172983273343214		src	5 min	0.0007410544145670124		src	10 min	0.0004763921236502223		src	>10 min	0.010057167054838027		test	0 sec	0.0		test	30 sec	5.2932458183358036e-05		test	1 min	0.0		test	5 min	0.0		test	10 min	5.2932458183358036e-05		test	>10 min	0.0004234596654668643		others	0 sec	0.03038323099724751		others	30 sec	0.015720940080457338		others	1 min	0.011539275883972052		others	5 min	0.05986661020537794		others	10 min	0.050550497565106926		others	>10 min	0.5104276942621215				
Behat	src	0 sec	0.0046051238619521494		src	30 sec	0.008998517891170866		src	1 min	0.004658056320135507		src	5 min	0.012650857505822571		src	10 min	0.008257463476603853		src	>10 min	0.050179970357823414		test	0 sec	0.0		test	30 sec	0.0		test	1 min	0.0		test	5 min	0.0		test	10 min	0.0		test	>10 min	0.0		others	0 sec	0.0013762439127673089		others	30 sec	0.01079822146940504		others	1 min	0.004075799280118569		others	5 min	0.010692356553038324		others	10 min	0.004763921236502223		others	>10 min	0.02503705272072835				
xe-core	src	0 sec	0.0		src	30 sec	5.2932458183358036e-05		src	1 min	0.0		src	5 min	0.0001587973745500741		src	10 min	0.0001587973745500741		src	>10 min	0.0012703789964005929		test	0 sec	0.0		test	30 sec	0.0		test	1 min	0.00010586491636671607		test	5 min	0.00010586491636671607		test	10 min	0.00010586491636671607		test	>10 min	0.0019055684946008892		others	0 sec	0.007145881854753335		others	30 sec	0.026042769426212153		others	1 min	0.02233749735337709		others	5 min	0.10856447173406733		others	10 min	0.07590514503493542		others	>10 min	0.4836438704213424				
SonataDoctrineORMAdminBundle	src	0 sec	0.0003175947491001482		src	30 sec	0.0		src	1 min	0.0		src	5 min	0.0		src	10 min	0.0		src	>10 min	0.0010057167054838027		test	0 sec	0.0		test	30 sec	0.0		test	1 min	0.0		test	5 min	0.0		test	10 min	0.0		test	>10 min	0.0		others	0 sec	0.0017467711200508153		others	30 sec	0.0008998517891170866		others	1 min	0.0010586491636671606		others	5 min	0.00269955536735126		others	10 min	0.001535041287317383		others	>10 min	0.03805843743383443				
browscap	src	0 sec	0.002646622909167902		src	30 sec	0.001429176370950667		src	1 min	0.0046051238619521494		src	5 min	0.012650857505822571		src	10 min	0.007992801185687064		src	>10 min	0.04382807537582045		test	0 sec	0.0		test	30 sec	0.0		test	1 min	0.0		test	5 min	5.2932458183358036e-05		test	10 min	0.0		test	>10 min	0.00010586491636671607		others	0 sec	0.008045733643870422		others	30 sec	0.014450561084056743		others	1 min	0.009845437222104594		others	5 min	0.033506246030065634		others	10 min	0.022125767520643658		others	>10 min	0.12762015668007623				
common	src	0 sec	0.0		src	30 sec	0.0		src	1 min	0.0		src	5 min	0.0		src	10 min	0.0		src	>10 min	0.0		test	0 sec	0.0		test	30 sec	0.0001587973745500741		test	1 min	0.0		test	5 min	0.0003175947491001482		test	10 min	5.2932458183358036e-05		test	>10 min	0.0004763921236502223		others	0 sec	0.0019585009527842475		others	30 sec	0.013762439127673089		others	1 min	0.010110099513021385		others	5 min	0.044039805208553884		others	10 min	0.027789540546262967		others	>10 min	0.20416049121321195				
joomla-framework	src	0 sec	0.0008998517891170866		src	30 sec	0.001429176370950667		src	1 min	0.0006351894982002964		src	5 min	0.00269955536735126		src	10 min	0.002646622909167902		src	>10 min	0.017573576116874868		test	0 sec	0.0004763921236502223		test	30 sec	0.00021172983273343214		test	1 min	0.00010586491636671607		test	5 min	0.0005822570400169384		test	10 min	0.0006351894982002964		test	>10 min	0.008945585432987508		others	0 sec	0.015403345331357189		others	30 sec	0.010110099513021385		others	1 min	0.0102159644293881		others	5 min	0.037634977768367564		others	10 min	0.023554943891594324		others	>10 min	0.21718187592631802				
ecommerce	src	0 sec	0.0019055684946008892		src	30 sec	0.0018526360364175313		src	1 min	0.0011645140800338768		src	5 min	0.004975651069235656		src	10 min	0.0023819606182511116		src	>10 min	0.040334533135718824		test	0 sec	0.0		test	30 sec	0.0		test	1 min	0.0		test	5 min	0.0		test	10 min	0.0		test	>10 min	0.0		others	0 sec	0.0012174465382172347		others	30 sec	0.0008469193309337286		others	1 min	0.0005293245818335803		others	5 min	0.0027524878255346177		others	10 min	0.0020643658691509633		others	>10 min	0.013656574211306373				
LiipImagineBundle	src	0 sec	0.0		src	30 sec	0.0		src	1 min	0.0		src	5 min	0.0		src	10 min	0.0		src	>10 min	0.0		test	0 sec	0.0		test	30 sec	0.0		test	1 min	0.0		test	5 min	0.0		test	10 min	0.0		test	>10 min	0.0		others	0 sec	0.0024348930764344695		others	30 sec	0.0015879737455007411		others	1 min	0.001429176370950667		others	5 min	0.006298962523819607		others	10 min	0.004393394029218717		others	>10 min	0.04737455007410544				
zf1	src	0 sec	0.0		src	30 sec	0.0		src	1 min	0.0		src	5 min	0.0		src	10 min	0.0		src	>10 min	0.0		test	0 sec	0.0		test	30 sec	0.0		test	1 min	0.0		test	5 min	0.0		test	10 min	0.0		test	>10 min	0.0005293245818335803		others	0 sec	0.0022231632437010374		others	30 sec	0.0050285835274190135		others	1 min	0.002858352741901334		others	5 min	0.0067753546474698285		others	10 min	0.0038640694473851367		others	>10 min	0.03530594960829981				
VisitorChat	src	0 sec	0.0		src	30 sec	0.0013762439127673089		src	1 min	0.002487825534617828		src	5 min	0.00322887994918484		src	10 min	0.0017997035782341732		src	>10 min	0.01291551979673936		test	0 sec	0.0		test	30 sec	0.0		test	1 min	0.0		test	5 min	0.0		test	10 min	0.0		test	>10 min	5.2932458183358036e-05		others	0 sec	0.00010586491636671607		others	30 sec	0.0038111369892017783		others	1 min	0.006616557272919754		others	5 min	0.010639424094854966		others	10 min	0.004658056320135507		others	>10 min	0.021649375396993437				
imbo	src	0 sec	0.005769637941986026		src	30 sec	0.00010586491636671607		src	1 min	0.0		src	5 min	0.00021172983273343214		src	10 min	0.0		src	>10 min	0.0017467711200508153		test	0 sec	0.0		test	30 sec	0.0		test	1 min	0.0		test	5 min	0.0		test	10 min	0.0		test	>10 min	0.0		others	0 sec	0.04065212788481897		others	30 sec	0.01159220834215541		others	1 min	0.009263180182087657		others	5 min	0.020008469193309338		others	10 min	0.011168748676688545		others	>10 min	0.06103112428541181				
FOSCommentBundle	src	0 sec	0.0		src	30 sec	0.0		src	1 min	0.0		src	5 min	0.0		src	10 min	0.0		src	>10 min	0.0		test	0 sec	0.0		test	30 sec	0.0		test	1 min	0.0		test	5 min	0.0		test	10 min	0.0		test	>10 min	0.0		others	0 sec	0.005240313360152445		others	30 sec	0.003017150116451408		others	1 min	0.0017467711200508153		others	5 min	0.00619309760745289		others	10 min	0.004022866821935211		others	>10 min	0.03477662502646623				
DoctrineModule	src	0 sec	0.0006351894982002964		src	30 sec	0.00021172983273343214		src	1 min	0.00026466229091679015		src	5 min	0.0024348930764344695		src	10 min	0.0020643658691509633		src	>10 min	0.017203048909591363		test	0 sec	0.0		test	30 sec	0.0		test	1 min	0.0		test	5 min	0.0		test	10 min	0.0		test	>10 min	0.0		others	0 sec	0.0005822570400169384		others	30 sec	0.0008998517891170866		others	1 min	0.0012174465382172347		others	5 min	0.004869786152868939		others	10 min	0.0033347448655515564		others	>10 min	0.016091467287740843				
fwdays	src	0 sec	5.2932458183358036e-05		src	30 sec	0.0035464746982849884		src	1 min	0.0018526360364175313		src	5 min	0.005081515985602371		src	10 min	0.0038640694473851367		src	>10 min	0.037899640059284354		test	0 sec	0.0		test	30 sec	0.0		test	1 min	0.0		test	5 min	5.2932458183358036e-05		test	10 min	0.0		test	>10 min	0.0003705272072835062		others	0 sec	0.0		others	30 sec	0.0011115816218505187		others	1 min	0.0010057167054838027		others	5 min	0.00269955536735126		others	10 min	0.001429176370950667		others	>10 min	0.012015668007622275				
candycane	src	0 sec	0.0		src	30 sec	0.0		src	1 min	0.0		src	5 min	0.0		src	10 min	0.0		src	>10 min	0.00021172983273343214		test	0 sec	0.0		test	30 sec	0.00021172983273343214		test	1 min	0.0004763921236502223		test	5 min	0.0012174465382172347		test	10 min	0.0006351894982002964		test	>10 min	0.0038111369892017783		others	0 sec	0.004234596654668642		others	30 sec	0.006298962523819607		others	1 min	0.005769637941986026		others	5 min	0.016303197120474275		others	10 min	0.009739572305737878		others	>10 min	0.05542028371797586				
KnpBundles	src	0 sec	0.006140165149269532		src	30 sec	0.003969934363751853		src	1 min	0.002858352741901334		src	5 min	0.006563624814736396		src	10 min	0.004287529112852001		src	>10 min	0.03202413720093161		test	0 sec	5.2932458183358036e-05		test	30 sec	0.0		test	1 min	0.00010586491636671607		test	5 min	0.00021172983273343214		test	10 min	0.00010586491636671607		test	>10 min	0.0010586491636671606		others	0 sec	0.0007939868727503706		others	30 sec	0.0010057167054838027		others	1 min	0.0007939868727503706		others	5 min	0.0027524878255346177		others	10 min	0.001323311454583951		others	>10 min	0.008469193309337285				
Imagine	src	0 sec	0.0		src	30 sec	0.0		src	1 min	0.0		src	5 min	0.0		src	10 min	0.0		src	>10 min	0.00010586491636671607		test	0 sec	0.0		test	30 sec	0.0		test	1 min	0.0		test	5 min	0.0		test	10 min	0.0		test	>10 min	0.0		others	0 sec	0.002805420283717976		others	30 sec	0.004393394029218717		others	1 min	0.0034935422401016305		others	5 min	0.010851153927588397		others	10 min	0.005081515985602371		others	>10 min	0.03562354435739996				
