commcare-hq	src	0 sec	0.0004234596654668643		src	30 sec	0.015297480414990473		src	1 min	0.0134977768367563		src	5 min	0.08749735337709083		src	10 min	0.06611264027101418		src	>10 min	0.1881748888418378		test	0 sec	0.007040016938386619		test	30 sec	0.07415837391488461		test	1 min	0.0576434469616769		test	5 min	0.1800232902816007		test	10 min	0.10432987507939868		test	>10 min	0.34834850730467926		others	0 sec	0.4173724327757781		others	30 sec	0.33786788058437434		others	1 min	0.260057167054838		others	5 min	1.005028583527419		others	10 min	0.565053991107347		others	>10 min	1.6050709294939658				
ipython	src	0 sec	0.007728138894770273		src	30 sec	0.004446326487402075		src	1 min	0.0038640694473851367		src	5 min	0.024190133389794623		src	10 min	0.020008469193309338		src	>10 min	0.1683781494812619		test	0 sec	0.00021172983273343214		test	30 sec	0.0003175947491001482		test	1 min	0.0003705272072835062		test	5 min	0.001640906203684099		test	10 min	0.0017467711200508153		test	>10 min	0.0263603641753123		others	0 sec	0.1953737031547745		others	30 sec	0.02853059496082998		others	1 min	0.028160067753546476		others	5 min	0.110734702519585		others	10 min	0.07537582045310184		others	>10 min	0.4870315477450773				
sympy	src	0 sec	0.017203048909591363		src	30 sec	0.01048062672030489		src	1 min	0.0059284353165360995		src	5 min	0.03572940927376667		src	10 min	0.026042769426212153		src	>10 min	0.39027101418589877		test	0 sec	0.0004234596654668643		test	30 sec	0.0003175947491001482		test	1 min	0.00026466229091679015		test	5 min	0.0017997035782341732		test	10 min	0.0015879737455007411		test	>10 min	0.026519161549862377		others	0 sec	0.25307008257463476		others	30 sec	0.08405674359517255		others	1 min	0.029006987084480202		others	5 min	0.10877620156680076		others	10 min	0.06177217869997883		others	>10 min	0.5414990472157527				
pandas	src	0 sec	0.011698073258522125		src	30 sec	0.008045733643870422		src	1 min	0.007939868727503706		src	5 min	0.050338767732373495		src	10 min	0.032235867033665044		src	>10 min	0.32299385983485074		test	0 sec	5.2932458183358036e-05		test	30 sec	0.00021172983273343214		test	1 min	5.2932458183358036e-05		test	5 min	0.0012174465382172347		test	10 min	0.0004763921236502223		test	>10 min	0.009951302138471311		others	0 sec	0.025989836968028795		others	30 sec	0.01688545416049121		others	1 min	0.011486343425788694		others	5 min	0.05049756510692357		others	10 min	0.03181240736819818		others	>10 min	0.2963159009104383				
kuma	src	0 sec	0.007622273978403557		src	30 sec	0.0003175947491001482		src	1 min	0.0011115816218505187		src	5 min	0.002487825534617828		src	10 min	0.0016938386618674571		src	>10 min	0.014344696167690027		test	0 sec	0.0004763921236502223		test	30 sec	0.0003705272072835062		test	1 min	0.00010586491636671607		test	5 min	0.0007410544145670124		test	10 min	0.0007410544145670124		test	>10 min	0.009474910014821088		others	0 sec	0.038587762015668006		others	30 sec	0.02773660808807961		others	1 min	0.015562142705907262		others	5 min	0.06060766461994495		others	10 min	0.04853906415413932		others	>10 min	0.5167795892441245				
zamboni	src	0 sec	0.00021172983273343214		src	30 sec	5.2932458183358036e-05		src	1 min	5.2932458183358036e-05		src	5 min	0.0001587973745500741		src	10 min	5.2932458183358036e-05		src	>10 min	0.0007410544145670124		test	0 sec	0.00010586491636671607		test	30 sec	0.0004763921236502223		test	1 min	0.00021172983273343214		test	5 min	0.0019055684946008892		test	10 min	0.001429176370950667		test	>10 min	0.009316112640271015		others	0 sec	0.06447173406733009		others	30 sec	0.04853906415413932		others	1 min	0.0339297056955325		others	5 min	0.1623438492483591		others	10 min	0.12926106288376032		others	>10 min	0.8827016726656786				
bedrock	src	0 sec	5.2932458183358036e-05		src	30 sec	0.0012174465382172347		src	1 min	0.0004763921236502223		src	5 min	0.0027524878255346177		src	10 min	0.0020643658691509633		src	>10 min	0.022125767520643658		test	0 sec	0.0001587973745500741		test	30 sec	0.00021172983273343214		test	1 min	0.00021172983273343214		test	5 min	0.0019055684946008892		test	10 min	0.0025936904509845436		test	>10 min	0.019214482320558966		others	0 sec	0.015032818124073682		others	30 sec	0.011009951302138471		others	1 min	0.008839720516620792		others	5 min	0.052561930976074527		others	10 min	0.04615710353588821		others	>10 min	0.39709930129155196				
socorro	src	0 sec	0.0		src	30 sec	0.0001587973745500741		src	1 min	5.2932458183358036e-05		src	5 min	0.0005293245818335803		src	10 min	0.0004234596654668643		src	>10 min	0.00645775989836968		test	0 sec	0.0007410544145670124		test	30 sec	0.0004763921236502223		test	1 min	0.0003705272072835062		test	5 min	0.002805420283717976		test	10 min	0.0020114334109676054		test	>10 min	0.03075375820453102		others	0 sec	0.030700825746347662		others	30 sec	0.015456277789540547		others	1 min	0.015032818124073682		others	5 min	0.05637306796527631		others	10 min	0.03599407156468346		others	>10 min	0.38476603853482955				
kitsune	src	0 sec	0.0006881219563836544		src	30 sec	0.00021172983273343214		src	1 min	0.0		src	5 min	0.0004763921236502223		src	10 min	0.0007410544145670124		src	>10 min	0.00809866610205378		test	0 sec	0.0001587973745500741		test	30 sec	0.0		test	1 min	0.0		test	5 min	0.00026466229091679015		test	10 min	0.00010586491636671607		test	>10 min	0.004499258945585433		others	0 sec	0.02720728350624603		others	30 sec	0.011539275883972052		others	1 min	0.005769637941986026		others	5 min	0.02074952360787635		others	10 min	0.01508575058225704		others	>10 min	0.24703578234173196				
matplotlib	src	0 sec	0.003281812407368198		src	30 sec	0.00889265297480415		src	1 min	0.008575058225704002		src	5 min	0.023554943891594324		src	10 min	0.014080033876773238		src	>10 min	0.17462417954689816		test	0 sec	5.2932458183358036e-05		test	30 sec	0.005822570400169384		test	1 min	0.009210247723904299		test	5 min	0.028477662502646623		test	10 min	0.014132966334956596		test	>10 min	0.10411814524666525		others	0 sec	0.09930129155197967		others	30 sec	0.03805843743383443		others	1 min	0.02768367562989625		others	5 min	0.10099513021384714		others	10 min	0.06023713741266144		others	>10 min	0.5797692144823205				
addon-sdk	src	0 sec	0.0		src	30 sec	0.00010586491636671607		src	1 min	5.2932458183358036e-05		src	5 min	0.0		src	10 min	0.0		src	>10 min	0.00026466229091679015		test	0 sec	0.0003175947491001482		test	30 sec	0.0022760957018843953		test	1 min	0.002858352741901334		test	5 min	0.010586491636671608		test	10 min	0.007939868727503706		test	>10 min	0.10110099513021385		others	0 sec	0.0025407579928011857		others	30 sec	0.00809866610205378		others	1 min	0.009316112640271015		others	5 min	0.036205801397416894		others	10 min	0.020326063942409486		others	>10 min	0.16493753969934363				
django-cms	src	0 sec	0.0		src	30 sec	0.0014821088291340249		src	1 min	0.0011115816218505187		src	5 min	0.004075799280118569		src	10 min	0.0015879737455007411		src	>10 min	0.020908320982426423		test	0 sec	0.0010586491636671606		test	30 sec	0.004710988778318865		test	1 min	0.0016938386618674571		test	5 min	0.006298962523819607		test	10 min	0.0031759474910014822		test	>10 min	0.025725174677112005		others	0 sec	0.03572940927376667		others	30 sec	0.07595807749311878		others	1 min	0.04059919542663561		others	5 min	0.11830404403980521		others	10 min	0.06023713741266144		others	>10 min	0.42282447596866396				
Theano	src	0 sec	0.0		src	30 sec	0.0		src	1 min	0.0		src	5 min	0.0		src	10 min	0.0		src	>10 min	0.0		test	0 sec	0.0		test	30 sec	0.00010586491636671607		test	1 min	5.2932458183358036e-05		test	5 min	0.00021172983273343214		test	10 min	5.2932458183358036e-05		test	>10 min	0.0011645140800338768		others	0 sec	0.1851577387253864		others	30 sec	0.10560025407579927		others	1 min	0.07119415625661656		others	5 min	0.19304467499470676		others	10 min	0.10337709083209824		others	>10 min	0.7521172983273343				
onepercentclub-site	src	0 sec	5.2932458183358036e-05		src	30 sec	5.2932458183358036e-05		src	1 min	5.2932458183358036e-05		src	5 min	0.0007410544145670124		src	10 min	0.0007410544145670124		src	>10 min	0.002805420283717976		test	0 sec	0.0		test	30 sec	0.00010586491636671607		test	1 min	0.00010586491636671607		test	5 min	0.0007939868727503706		test	10 min	0.0005293245818335803		test	>10 min	0.0033347448655515564		others	0 sec	0.02127884818970993		others	30 sec	0.021172983273343216		others	1 min	0.01799703578234173		others	5 min	0.0632013550709295		others	10 min	0.03546474698284988		others	>10 min	0.18330510268896888				
virt-test	src	0 sec	0.003917001905568495		src	30 sec	0.0017997035782341732		src	1 min	0.0004763921236502223		src	5 min	0.0023819606182511116		src	10 min	0.0012174465382172347		src	>10 min	0.01704425153504129		test	0 sec	0.0006351894982002964		test	30 sec	0.0		test	1 min	0.0		test	5 min	0.0		test	10 min	0.00010586491636671607		test	>10 min	0.0015879737455007411		others	0 sec	0.0846390006351895		others	30 sec	0.01566800762227398		others	1 min	0.00566377302561931		others	5 min	0.022178699978827016		others	10 min	0.013286047004022868		others	>10 min	0.12169172136354012				
configuration	src	0 sec	0.0		src	30 sec	0.0		src	1 min	0.0		src	5 min	5.2932458183358036e-05		src	10 min	0.0		src	>10 min	0.00021172983273343214		test	0 sec	0.0003705272072835062		test	30 sec	0.0003705272072835062		test	1 min	0.0005293245818335803		test	5 min	0.0004234596654668643		test	10 min	0.0007939868727503706		test	>10 min	0.009474910014821088		others	0 sec	0.04022866821935211		others	30 sec	0.01958500952784247		others	1 min	0.014185898793139954		others	5 min	0.0672242218928647		others	10 min	0.04239889900486979		others	>10 min	0.31346601736184626				
boto	
buildbot	src	0 sec	0.007886936269320348		src	30 sec	0.0035464746982849884		src	1 min	0.0014821088291340249		src	5 min	0.005293245818335804		src	10 min	0.002487825534617828		src	>10 min	0.02265509210247724		test	0 sec	0.03498835485919966		test	30 sec	0.020643658691509633		test	1 min	0.01318018208765615		test	5 min	0.050127037899640056		test	10 min	0.03154774507728139		test	>10 min	0.2929811560448867		others	0 sec	0.04319288587762016		others	30 sec	0.029483379208130427		others	1 min	0.017573576116874868		others	5 min	0.06431293669278002		others	10 min	0.032182934575481686		others	>10 min	0.21490578022443363				
deis	src	0 sec	0.0009527842473004446		src	30 sec	0.0010057167054838027		src	1 min	0.0006881219563836544		src	5 min	0.0024348930764344695		src	10 min	0.0008469193309337286		src	>10 min	0.01048062672030489		test	0 sec	0.0004763921236502223		test	30 sec	0.00026466229091679015		test	1 min	0.00010586491636671607		test	5 min	0.0012174465382172347		test	10 min	0.0007939868727503706		test	>10 min	0.008151598560237137		others	0 sec	0.02805420283717976		others	30 sec	0.010163031971204743		others	1 min	0.00783400381113699		others	5 min	0.027577810713529535		others	10 min	0.01937327969510904		others	>10 min	0.18372856235443574				
django-rest-framework	src	0 sec	0.0		src	30 sec	5.2932458183358036e-05		src	1 min	0.0		src	5 min	5.2932458183358036e-05		src	10 min	0.0		src	>10 min	0.0006351894982002964		test	0 sec	0.0		test	30 sec	0.00021172983273343214		test	1 min	0.0001587973745500741		test	5 min	0.0006351894982002964		test	10 min	0.00026466229091679015		test	>10 min	0.006404827440186322		others	0 sec	0.0059284353165360995		others	30 sec	0.01916154986237561		others	1 min	0.013603641753123015		others	5 min	0.058225704001693836		others	10 min	0.03699978827016727		others	>10 min	0.2636565742113064				
ka-lite	src	0 sec	0.0		src	30 sec	0.0001587973745500741		src	1 min	0.0		src	5 min	0.0003175947491001482		src	10 min	0.0001587973745500741		src	>10 min	0.0017997035782341732		test	0 sec	0.0005822570400169384		test	30 sec	0.0021702307855176795		test	1 min	0.002117298327334321		test	5 min	0.011962735549438917		test	10 min	0.0072517467711200505		test	>10 min	0.061878043616345545		others	0 sec	0.03546474698284988		others	30 sec	0.058225704001693836		others	1 min	0.040334533135718824		others	5 min	0.11126402710141858		others	10 min	0.06426000423459666		others	>10 min	0.36174041922506883				
cryptography	src	0 sec	0.003017150116451408		src	30 sec	0.0025936904509845436		src	1 min	0.002646622909167902		src	5 min	0.011168748676688545		src	10 min	0.006616557272919754		src	>10 min	0.07521702307855177		test	0 sec	0.0		test	30 sec	0.0		test	1 min	0.0		test	5 min	0.0		test	10 min	0.0		test	>10 min	0.0		others	0 sec	0.01704425153504129		others	30 sec	0.00915731526572094		others	1 min	0.008522125767520644		others	5 min	0.03535888206648317		others	10 min	0.021649375396993437		others	>10 min	0.18547533347448655				
kivy	src	0 sec	0.0		src	30 sec	0.0		src	1 min	5.2932458183358036e-05		src	5 min	0.0		src	10 min	0.0		src	>10 min	0.00010586491636671607		test	0 sec	0.0		test	30 sec	0.0003175947491001482		test	1 min	0.00021172983273343214		test	5 min	0.0003705272072835062		test	10 min	0.00021172983273343214		test	>10 min	0.005240313360152445		others	0 sec	0.019267414778742324		others	30 sec	0.031971204742748255		others	1 min	0.021966970146093584		others	5 min	0.07108829134024984		others	10 min	0.04112852000846919		others	>10 min	0.39021808172771544				
robottelo	src	0 sec	0.0		src	30 sec	0.00021172983273343214		src	1 min	0.0003175947491001482		src	5 min	0.0005822570400169384		src	10 min	0.0001587973745500741		src	>10 min	0.0020643658691509633		test	0 sec	5.2932458183358036e-05		test	30 sec	0.00010586491636671607		test	1 min	0.00010586491636671607		test	5 min	0.0007939868727503706		test	10 min	0.0010057167054838027		test	>10 min	0.013127249629472792		others	0 sec	0.011856870633072199		others	30 sec	0.004075799280118569		others	1 min	0.007357611687486767		others	5 min	0.041287317383019266		others	10 min	0.031494812619098034		others	>10 min	0.24518314630531443				
ralph	src	0 sec	0.0003175947491001482		src	30 sec	0.003969934363751853		src	1 min	0.0022760957018843953		src	5 min	0.009210247723904299		src	10 min	0.006087232691086174		src	>10 min	0.05203260639424095		test	0 sec	0.0		test	30 sec	0.0		test	1 min	0.0001587973745500741		test	5 min	0.0007410544145670124		test	10 min	0.0003175947491001482		test	>10 min	0.0041816641964852845		others	0 sec	0.0		others	30 sec	0.0006881219563836544		others	1 min	0.0001587973745500741		others	5 min	0.0013762439127673089		others	10 min	0.0017467711200508153		others	>10 min	0.012333262756722422				
zds-site	src	0 sec	0.002487825534617828		src	30 sec	0.001640906203684099		src	1 min	0.001323311454583951		src	5 min	0.006034300232902816		src	10 min	0.004975651069235656		src	>10 min	0.054255769637941986		test	0 sec	0.0		test	30 sec	0.0001587973745500741		test	1 min	5.2932458183358036e-05		test	5 min	0.0007410544145670124		test	10 min	0.0003705272072835062		test	>10 min	0.0050285835274190135		others	0 sec	0.04896252381960618		others	30 sec	0.014662290916790176		others	1 min	0.011962735549438917		others	5 min	0.040546262968452255		others	10 min	0.02673089138259581		others	>10 min	0.18939233538005504				
mne-python	src	0 sec	0.008310395934787211		src	30 sec	0.0015879737455007411		src	1 min	0.00269955536735126		src	5 min	0.0102159644293881		src	10 min	0.005769637941986026		src	>10 min	0.0705060343002329		test	0 sec	0.0004763921236502223		test	30 sec	0.0		test	1 min	5.2932458183358036e-05		test	5 min	0.00021172983273343214		test	10 min	0.00021172983273343214		test	>10 min	0.005346178276519162		others	0 sec	0.19039805208553887		others	30 sec	0.008945585432987508		others	1 min	0.010374761803938174		others	5 min	0.043986872750370526		others	10 min	0.029536311666313785		others	>10 min	0.297162820241372				
iris	src	0 sec	0.0012703789964005929		src	30 sec	0.0010057167054838027		src	1 min	0.0012703789964005929		src	5 min	0.006616557272919754		src	10 min	0.004763921236502223		src	>10 min	0.06081939445267838		test	0 sec	0.0		test	30 sec	0.0		test	1 min	0.0		test	5 min	0.0		test	10 min	0.0		test	>10 min	5.2932458183358036e-05		others	0 sec	0.013550709294939657		others	30 sec	0.004022866821935211		others	1 min	0.0023819606182511116		others	5 min	0.012544992589455854		others	10 min	0.008945585432987508		others	>10 min	0.10422401016303197				
ome-documentation	src	0 sec	0.0001587973745500741		src	30 sec	0.0004234596654668643		src	1 min	0.00021172983273343214		src	5 min	0.0007939868727503706		src	10 min	0.0010057167054838027		src	>10 min	0.0035464746982849884		test	0 sec	0.0		test	30 sec	0.0		test	1 min	0.0		test	5 min	0.0		test	10 min	0.0		test	>10 min	0.0		others	0 sec	0.044939656997670975		others	30 sec	0.01857929282235867		others	1 min	0.00889265297480415		others	5 min	0.032712259157315265		others	10 min	0.024190133389794623		others	>10 min	0.20056108405674358				
requests	
OTM2	src	0 sec	0.005875502858352742		src	30 sec	0.004287529112852001		src	1 min	0.0025936904509845436		src	5 min	0.007145881854753335		src	10 min	0.005452043192885878		src	>10 min	0.05039170019055685		test	0 sec	0.00026466229091679015		test	30 sec	0.00010586491636671607		test	1 min	5.2932458183358036e-05		test	5 min	0.0004234596654668643		test	10 min	0.00021172983273343214		test	>10 min	0.002805420283717976		others	0 sec	0.028742324793563413		others	30 sec	0.01318018208765615		others	1 min	0.007992801185687064		others	5 min	0.01974380690239255		others	10 min	0.008998517891170866		others	>10 min	0.1050709294939657				
pylearn2	src	0 sec	0.0		src	30 sec	0.0		src	1 min	0.0		src	5 min	0.0		src	10 min	0.0		src	>10 min	0.0		test	0 sec	0.0		test	30 sec	0.0001587973745500741		test	1 min	0.0		test	5 min	0.00010586491636671607		test	10 min	5.2932458183358036e-05		test	>10 min	0.0005293245818335803		others	0 sec	0.02127884818970993		others	30 sec	0.050338767732373495		others	1 min	0.024719457971628202		others	5 min	0.045945373703154775		others	10 min	0.02514291763709507		others	>10 min	0.19918484014397628				
eden	src	0 sec	0.0		src	30 sec	0.0		src	1 min	5.2932458183358036e-05		src	5 min	0.00010586491636671607		src	10 min	5.2932458183358036e-05		src	>10 min	0.0012174465382172347		test	0 sec	0.0		test	30 sec	0.0		test	1 min	5.2932458183358036e-05		test	5 min	0.00021172983273343214		test	10 min	0.0003175947491001482		test	>10 min	0.003281812407368198		others	0 sec	0.0008998517891170866		others	30 sec	0.015826804996824054		others	1 min	0.015350412873173831		others	5 min	0.04949184840143976		others	10 min	0.03472369256828287		others	>10 min	0.43118780436163456				
pyramid	src	0 sec	0.0001587973745500741		src	30 sec	0.0019055684946008892		src	1 min	0.0005293245818335803		src	5 min	0.0035464746982849884		src	10 min	0.003440609781918272		src	>10 min	0.026466229091679016		test	0 sec	0.0		test	30 sec	0.0		test	1 min	0.0		test	5 min	0.0		test	10 min	0.0		test	>10 min	0.0		others	0 sec	0.009527842473004446		others	30 sec	0.034141435528265936		others	1 min	0.02477239042981156		others	5 min	0.09316112640271014		others	10 min	0.055314418801609144		others	>10 min	0.29986237560872325				
otter	src	0 sec	0.00010586491636671607		src	30 sec	0.0003175947491001482		src	1 min	0.0003705272072835062		src	5 min	0.0015879737455007411		src	10 min	0.0010586491636671606		src	>10 min	0.007145881854753335		test	0 sec	0.007569341520220199		test	30 sec	0.020908320982426423		test	1 min	0.012439127673089138		test	5 min	0.05118568706330722		test	10 min	0.03689392335380055		test	>10 min	0.20167266567859413		others	0 sec	0.0036523396146517046		others	30 sec	0.042504763921236505		others	1 min	0.010851153927588397		others	5 min	0.029695109040863858		others	10 min	0.016250264662290917		others	>10 min	0.06182511115816219				
scikit-image	src	0 sec	0.0018526360364175313		src	30 sec	0.0009527842473004446		src	1 min	0.0011645140800338768		src	5 min	0.005610840567435952		src	10 min	0.0037052720728350625		src	>10 min	0.054255769637941986		test	0 sec	0.00010586491636671607		test	30 sec	5.2932458183358036e-05		test	1 min	0.0		test	5 min	5.2932458183358036e-05		test	10 min	0.0		test	>10 min	0.001323311454583951		others	0 sec	0.09141435528265933		others	30 sec	0.014556426000423459		others	1 min	0.014344696167690027		others	5 min	0.050815159856023716		others	10 min	0.02773660808807961		others	>10 min	0.23242642388312512				
vumi-go	src	0 sec	0.0		src	30 sec	0.0011115816218505187		src	1 min	0.0010057167054838027		src	5 min	0.0038640694473851367		src	10 min	0.002911285200084692		src	>10 min	0.007092949396569977		test	0 sec	5.2932458183358036e-05		test	30 sec	0.003281812407368198		test	1 min	0.003281812407368198		test	5 min	0.013603641753123015		test	10 min	0.008469193309337285		test	>10 min	0.044780859623120894		others	0 sec	0.002911285200084692		others	30 sec	0.023554943891594324		others	1 min	0.01857929282235867		others	5 min	0.052826593266991316		others	10 min	0.03705272072835063		others	>10 min	0.20151386830404405				
ninja-ide	src	0 sec	0.0		src	30 sec	0.0		src	1 min	0.0		src	5 min	0.0		src	10 min	0.0		src	>10 min	0.0		test	0 sec	0.0		test	30 sec	0.0		test	1 min	0.0		test	5 min	0.0		test	10 min	0.0		test	>10 min	0.0		others	0 sec	0.0033876773237349143		others	30 sec	0.006722422189286471		others	1 min	0.014185898793139954		others	5 min	0.03377090832098242		others	10 min	0.011698073258522125		others	>10 min	0.08786788058437434				
youtube-dl	src	0 sec	0.0		src	30 sec	0.0		src	1 min	0.0		src	5 min	0.0		src	10 min	0.0		src	>10 min	0.0		test	0 sec	0.0021702307855176795		test	30 sec	0.0035994071564683463		test	1 min	0.0012703789964005929		test	5 min	0.00968663984755452		test	10 min	0.006563624814736396		test	>10 min	0.05875502858352742		others	0 sec	0.02583103959347872		others	30 sec	0.04822146940503917		others	1 min	0.03636459877196697		others	5 min	0.13651280965488038		others	10 min	0.07061189921659962		others	>10 min	0.44383866186745713				
pip	src	0 sec	0.0008469193309337286		src	30 sec	0.00026466229091679015		src	1 min	0.00021172983273343214		src	5 min	0.0012703789964005929		src	10 min	0.0003705272072835062		src	>10 min	0.009951302138471311		test	0 sec	0.0		test	30 sec	0.0		test	1 min	0.0		test	5 min	0.0		test	10 min	0.0		test	>10 min	0.0		others	0 sec	0.021861105229726868		others	30 sec	0.013868304044039804		others	1 min	0.008839720516620792		others	5 min	0.032712259157315265		others	10 min	0.016514926953207706		others	>10 min	0.19103324158373916				
remo	src	0 sec	0.0001587973745500741		src	30 sec	5.2932458183358036e-05		src	1 min	5.2932458183358036e-05		src	5 min	0.0004763921236502223		src	10 min	0.00021172983273343214		src	>10 min	0.003070082574634766		test	0 sec	0.0		test	30 sec	0.0		test	1 min	0.0		test	5 min	0.0		test	10 min	0.0		test	>10 min	0.00026466229091679015		others	0 sec	0.005134448443785729		others	30 sec	0.005557908109252593		others	1 min	0.00645775989836968		others	5 min	0.014926953207706966		others	10 min	0.012756722422189287		others	>10 min	0.11232267626508576				
c2cgeoportal	src	0 sec	5.2932458183358036e-05		src	30 sec	0.0012174465382172347		src	1 min	0.0003705272072835062		src	5 min	0.001535041287317383		src	10 min	0.0009527842473004446		src	>10 min	0.011168748676688545		test	0 sec	0.0		test	30 sec	0.0004763921236502223		test	1 min	0.0004234596654668643		test	5 min	0.0017997035782341732		test	10 min	0.0007410544145670124		test	>10 min	0.01910861740419225		others	0 sec	0.04859199661232268		others	30 sec	0.02096125344060978		others	1 min	0.015720940080457338		others	5 min	0.036840990895617196		others	10 min	0.019902604276942622		others	>10 min	0.20993012915519796				
erpnext	src	0 sec	0.0		src	30 sec	0.0		src	1 min	0.0		src	5 min	0.0		src	10 min	0.0		src	>10 min	0.0		test	0 sec	0.0		test	30 sec	5.2932458183358036e-05		test	1 min	0.00010586491636671607		test	5 min	0.0001587973745500741		test	10 min	0.0		test	>10 min	0.0007939868727503706		others	0 sec	0.1132754605123862		others	30 sec	0.06680076222739784		others	1 min	0.07871056531865339		others	5 min	0.18325217023078552		others	10 min	0.09702519585009528		others	>10 min	0.5839508786788058				
play1	src	0 sec	0.001640906203684099		src	30 sec	0.002487825534617828		src	1 min	0.0018526360364175313		src	5 min	0.008363328392970569		src	10 min	0.005769637941986026		src	>10 min	0.07548168536946856		test	0 sec	0.0004763921236502223		test	30 sec	0.001535041287317383		test	1 min	0.0021702307855176795		test	5 min	0.0067753546474698285		test	10 min	0.0033347448655515564		test	>10 min	0.0431399534194368		others	0 sec	0.002646622909167902		others	30 sec	0.002911285200084692		others	1 min	0.002117298327334321		others	5 min	0.006563624814736396		others	10 min	0.005822570400169384		others	>10 min	0.041075587550285834				
pelican	src	0 sec	0.0		src	30 sec	0.0		src	1 min	0.0		src	5 min	0.0		src	10 min	0.0		src	>10 min	0.0		test	0 sec	0.0		test	30 sec	0.0		test	1 min	0.0		test	5 min	0.0		test	10 min	0.0		test	>10 min	0.0001587973745500741		others	0 sec	0.007992801185687064		others	30 sec	0.005240313360152445		others	1 min	0.004446326487402075		others	5 min	0.017150116451408005		others	10 min	0.008786788058437434		others	>10 min	0.10692356553038324				
sunpy	src	0 sec	0.005875502858352742		src	30 sec	0.004128731738301927		src	1 min	0.0036523396146517046		src	5 min	0.013921236502223162		src	10 min	0.008786788058437434		src	>10 min	0.0803514715223375		test	0 sec	0.0005293245818335803		test	30 sec	0.0009527842473004446		test	1 min	0.0004234596654668643		test	5 min	0.002805420283717976		test	10 min	0.0018526360364175313		test	>10 min	0.024931187804361633		others	0 sec	0.04859199661232268		others	30 sec	0.017838238407791657		others	1 min	0.01508575058225704		others	5 min	0.05039170019055685		others	10 min	0.02747194579716282		others	>10 min	0.17573576116874867				
statsmodels	src	0 sec	0.006246030065636248		src	30 sec	0.0014821088291340249		src	1 min	0.001640906203684099		src	5 min	0.005187380901969087		src	10 min	0.0033347448655515564		src	>10 min	0.03636459877196697		test	0 sec	0.00021172983273343214		test	30 sec	0.0001587973745500741		test	1 min	0.0		test	5 min	5.2932458183358036e-05		test	10 min	0.0001587973745500741		test	>10 min	0.0010057167054838027		others	0 sec	0.11248147363963583		others	30 sec	0.0177853059496083		others	1 min	0.011645140800338767		others	5 min	0.040334533135718824		others	10 min	0.021120050815159858		others	>10 min	0.1990260427694262				
nipype	src	0 sec	0.0		src	30 sec	0.0		src	1 min	0.0		src	5 min	0.0		src	10 min	0.0		src	>10 min	0.0		test	0 sec	0.0		test	30 sec	0.0		test	1 min	0.0		test	5 min	0.0		test	10 min	0.0		test	>10 min	0.0		others	0 sec	0.045680711412237986		others	30 sec	0.03879949184840144		others	1 min	0.02609570188439551		others	5 min	0.08670336650434046		others	10 min	0.046951090408638575		others	>10 min	0.38603641753123014				
Addon-Tests	src	0 sec	0.0		src	30 sec	0.0		src	1 min	0.0		src	5 min	0.0		src	10 min	0.0		src	>10 min	0.0		test	0 sec	0.0		test	30 sec	0.0		test	1 min	0.0		test	5 min	0.0		test	10 min	0.0		test	>10 min	0.0		others	0 sec	0.00026466229091679015		others	30 sec	0.0027524878255346177		others	1 min	0.0031759474910014822		others	5 min	0.016832521702307854		others	10 min	0.011539275883972052		others	>10 min	0.10845860681770061				
celery	src	0 sec	0.0		src	30 sec	0.0		src	1 min	0.0		src	5 min	0.0		src	10 min	0.0		src	>10 min	0.0		test	0 sec	0.0		test	30 sec	0.0001587973745500741		test	1 min	0.0004234596654668643		test	5 min	0.0004234596654668643		test	10 min	0.0004234596654668643		test	>10 min	0.004446326487402075		others	0 sec	0.007410544145670125		others	30 sec	0.06251323311454585		others	1 min	0.03832309972475122		others	5 min	0.09109676053355918		others	10 min	0.044727927164937537		others	>10 min	0.3055261486343426				
vumi	src	0 sec	5.2932458183358036e-05		src	30 sec	0.0012703789964005929		src	1 min	0.0007410544145670124		src	5 min	0.0031759474910014822		src	10 min	0.0014821088291340249		src	>10 min	0.007728138894770273		test	0 sec	0.0		test	30 sec	5.2932458183358036e-05		test	1 min	0.0001587973745500741		test	5 min	0.0004234596654668643		test	10 min	0.0001587973745500741		test	>10 min	0.003017150116451408		others	0 sec	0.011486343425788694		others	30 sec	0.016514926953207706		others	1 min	0.01640906203684099		others	5 min	0.06076646199449502		others	10 min	0.03996400592843532		others	>10 min	0.22988566589032394				
edx-ora2	src	0 sec	0.0004234596654668643		src	30 sec	0.0006351894982002964		src	1 min	0.0003705272072835062		src	5 min	0.0017467711200508153		src	10 min	0.0010586491636671606		src	>10 min	0.008257463476603853		test	0 sec	0.003070082574634766		test	30 sec	0.0015879737455007411		test	1 min	0.0009527842473004446		test	5 min	0.004128731738301927		test	10 min	0.004234596654668642		test	>10 min	0.03276519161549862		others	0 sec	0.006298962523819607		others	30 sec	0.003281812407368198		others	1 min	0.0021702307855176795		others	5 min	0.005981367774719458		others	10 min	0.0059284353165360995		others	>10 min	0.03943468134660174				
luigi	src	0 sec	0.0		src	30 sec	0.0		src	1 min	0.0		src	5 min	0.0		src	10 min	0.0		src	>10 min	0.0		test	0 sec	0.0033876773237349143		test	30 sec	0.0035464746982849884		test	1 min	0.0021702307855176795		test	5 min	0.006881219563836544		test	10 min	0.0033876773237349143		test	>10 min	0.0655833156891806		others	0 sec	0.007516409062036841		others	30 sec	0.005981367774719458		others	1 min	0.002646622909167902		others	5 min	0.009051450349354223		others	10 min	0.005081515985602371		others	>10 min	0.07394664408215118				
OpenSlides	src	0 sec	0.0		src	30 sec	0.0		src	1 min	0.0		src	5 min	0.0		src	10 min	0.0		src	>10 min	0.0		test	0 sec	5.2932458183358036e-05		test	30 sec	0.0003705272072835062		test	1 min	0.00021172983273343214		test	5 min	0.0019585009527842475		test	10 min	0.0010057167054838027		test	>10 min	0.009633707389371162		others	0 sec	0.0035464746982849884		others	30 sec	0.013021384713106076		others	1 min	0.010004234596654669		others	5 min	0.03800550497565107		others	10 min	0.028371797586279907		others	>10 min	0.16806055473216175				
pulp_rpm	src	0 sec	0.0		src	30 sec	0.0004234596654668643		src	1 min	0.0004234596654668643		src	5 min	0.0019055684946008892		src	10 min	0.0008998517891170866		src	>10 min	0.006722422189286471		test	0 sec	0.00021172983273343214		test	30 sec	0.015191615498623755		test	1 min	0.010745289011221681		test	5 min	0.01995553673512598		test	10 min	0.009263180182087657		test	>10 min	0.10501799703578234		others	0 sec	5.2932458183358036e-05		others	30 sec	0.0055049756510692355		others	1 min	0.005981367774719458		others	5 min	0.010110099513021385		others	10 min	0.006881219563836544		others	>10 min	0.040281600677535466				
nikola	src	0 sec	0.0		src	30 sec	0.0001587973745500741		src	1 min	0.00021172983273343214		src	5 min	0.0003175947491001482		src	10 min	0.0003705272072835062		src	>10 min	0.001535041287317383		test	0 sec	5.2932458183358036e-05		test	30 sec	0.0		test	1 min	0.0		test	5 min	0.0		test	10 min	0.0		test	>10 min	0.0003175947491001482		others	0 sec	0.019796739360575907		others	30 sec	0.021966970146093584		others	1 min	0.019532077069659114		others	5 min	0.07654033453313572		others	10 min	0.04509845437222105		others	>10 min	0.2803832309972475				
Pillow	src	0 sec	0.0001587973745500741		src	30 sec	5.2932458183358036e-05		src	1 min	0.00010586491636671607		src	5 min	0.0004234596654668643		src	10 min	0.0		src	>10 min	0.0012174465382172347		test	0 sec	5.2932458183358036e-05		test	30 sec	0.00021172983273343214		test	1 min	0.00026466229091679015		test	5 min	0.0005822570400169384		test	10 min	0.0004763921236502223		test	>10 min	0.00566377302561931		others	0 sec	0.025195850095278426		others	30 sec	0.01619733220410756		others	1 min	0.022496294727927166		others	5 min	0.06854753334744866		others	10 min	0.02858352741901334		others	>10 min	0.19886724539487613				
topaz	src	0 sec	0.0007939868727503706		src	30 sec	0.001429176370950667		src	1 min	0.0018526360364175313		src	5 min	0.007145881854753335		src	10 min	0.004499258945585433		src	>10 min	0.02720728350624603		test	0 sec	0.0		test	30 sec	0.0		test	1 min	0.0		test	5 min	0.0		test	10 min	0.0		test	>10 min	0.0		others	0 sec	0.00619309760745289		others	30 sec	0.010957018843955113		others	1 min	0.010374761803938174		others	5 min	0.049385983485073046		others	10 min	0.0319182722845649		others	>10 min	0.13264874020749523				
web2py	src	0 sec	5.2932458183358036e-05		src	30 sec	0.0		src	1 min	0.0		src	5 min	0.0		src	10 min	0.0		src	>10 min	0.0001587973745500741		test	0 sec	0.0		test	30 sec	5.2932458183358036e-05		test	1 min	5.2932458183358036e-05		test	5 min	0.0003175947491001482		test	10 min	0.0003705272072835062		test	>10 min	0.0035994071564683463		others	0 sec	0.08088079610417108		others	30 sec	0.01667372432775778		others	1 min	0.013603641753123015		others	5 min	0.04658056320135507		others	10 min	0.027313148422612746		others	>10 min	0.20670124920601313				
invenio	src	0 sec	0.0		src	30 sec	0.0		src	1 min	0.0		src	5 min	0.0		src	10 min	0.0		src	>10 min	0.0		test	0 sec	5.2932458183358036e-05		test	30 sec	0.0004763921236502223		test	1 min	0.0009527842473004446		test	5 min	0.005716705483802668		test	10 min	0.0034935422401016305		test	>10 min	0.024401863222528054		others	0 sec	0.0774401863222528		others	30 sec	0.037899640059284354		others	1 min	0.032182934575481686		others	5 min	0.10919966123226763		others	10 min	0.055049756510692355		others	>10 min	0.3710565318653398				
webpay	src	0 sec	0.0		src	30 sec	0.0		src	1 min	0.0		src	5 min	0.0		src	10 min	0.0		src	>10 min	0.0		test	0 sec	5.2932458183358036e-05		test	30 sec	0.00010586491636671607		test	1 min	5.2932458183358036e-05		test	5 min	0.00021172983273343214		test	10 min	0.0004234596654668643		test	>10 min	0.0033876773237349143		others	0 sec	0.0008469193309337286		others	30 sec	0.004234596654668642		others	1 min	0.00322887994918484		others	5 min	0.011062883760321829		others	10 min	0.008045733643870422		others	>10 min	0.09279059919542663				
flask	src	0 sec	0.0		src	30 sec	0.0		src	1 min	0.0		src	5 min	0.0		src	10 min	0.0		src	>10 min	0.0		test	0 sec	5.2932458183358036e-05		test	30 sec	0.00010586491636671607		test	1 min	0.0		test	5 min	0.00021172983273343214		test	10 min	5.2932458183358036e-05		test	>10 min	0.0022760957018843953		others	0 sec	0.005134448443785729		others	30 sec	0.010004234596654669		others	1 min	0.0076752064365869154		others	5 min	0.025301715011645142		others	10 min	0.012968452254922718		others	>10 min	0.10485919966123226				
webview	src	0 sec	0.013762439127673089		src	30 sec	0.009104382807537581		src	1 min	0.007992801185687064		src	5 min	0.023078551767944103		src	10 min	0.015032818124073682		src	>10 min	0.08993224645352531		test	0 sec	0.0012174465382172347		test	30 sec	0.0008469193309337286		test	1 min	0.0005822570400169384		test	5 min	0.002117298327334321		test	10 min	0.0015879737455007411		test	>10 min	0.012174465382172348		others	0 sec	0.0008469193309337286		others	30 sec	0.0016938386618674571		others	1 min	0.0017467711200508153		others	5 min	0.0076752064365869154		others	10 min	0.0050285835274190135		others	>10 min	0.027048486131695956				
mezzanine	src	0 sec	0.0		src	30 sec	0.0		src	1 min	0.0		src	5 min	0.0		src	10 min	0.0		src	>10 min	0.0		test	0 sec	0.0		test	30 sec	5.2932458183358036e-05		test	1 min	0.0		test	5 min	0.0		test	10 min	5.2932458183358036e-05		test	>10 min	0.0004763921236502223		others	0 sec	0.0059284353165360995		others	30 sec	0.019479144611475756		others	1 min	0.013921236502223162		others	5 min	0.037846707601100996		others	10 min	0.020908320982426423		others	>10 min	0.1701778530594961				
symfony-docs-fr	src	0 sec	0.0		src	30 sec	0.0		src	1 min	0.0		src	5 min	0.0		src	10 min	0.0		src	>10 min	0.0		test	0 sec	0.0		test	30 sec	0.0		test	1 min	0.0		test	5 min	0.0		test	10 min	0.0		test	>10 min	0.0		others	0 sec	0.0011645140800338768		others	30 sec	0.009792504763921236		others	1 min	0.008680923142070718		others	5 min	0.017626508575058226		others	10 min	0.0059284353165360995		others	>10 min	0.04996824052508998				
shinken	src	0 sec	0.0004763921236502223		src	30 sec	0.0008998517891170866		src	1 min	0.0006351894982002964		src	5 min	0.0025936904509845436		src	10 min	0.001323311454583951		src	>10 min	0.025989836968028795		test	0 sec	0.004287529112852001		test	30 sec	0.005452043192885878		test	1 min	0.0033347448655515564		test	5 min	0.011751005716705483		test	10 min	0.007463476603853483		test	>10 min	0.09469616769002752		others	0 sec	0.0067753546474698285		others	30 sec	0.013074317171289434		others	1 min	0.011909803091255559		others	5 min	0.043722210459453736		others	10 min	0.025407579928011858		others	>10 min	0.18960406521278847				
gaffer	src	0 sec	0.05986661020537794		src	30 sec	0.008363328392970569		src	1 min	0.004340461571035359		src	5 min	0.019479144611475756		src	10 min	0.012068600465805632		src	>10 min	0.14344696167690027		test	0 sec	5.2932458183358036e-05		test	30 sec	5.2932458183358036e-05		test	1 min	0.0		test	5 min	0.0003705272072835062		test	10 min	0.00021172983273343214		test	>10 min	0.004763921236502223		others	0 sec	0.06526572094008046		others	30 sec	0.010745289011221681		others	1 min	0.007516409062036841		others	5 min	0.023713741266144398		others	10 min	0.012650857505822571		others	>10 min	0.11078763497776836				
ESP-Website	src	0 sec	0.0		src	30 sec	0.0003175947491001482		src	1 min	0.00021172983273343214		src	5 min	0.0007939868727503706		src	10 min	0.0012703789964005929		src	>10 min	0.009104382807537581		test	0 sec	0.00010586491636671607		test	30 sec	0.00021172983273343214		test	1 min	5.2932458183358036e-05		test	5 min	0.0011645140800338768		test	10 min	0.0008469193309337286		test	>10 min	0.01079822146940504		others	0 sec	0.036205801397416894		others	30 sec	0.04234596654668643		others	1 min	0.03181240736819818		others	5 min	0.09448443785729409		others	10 min	0.04393394029218717		others	>10 min	0.3030383230997247				
autotest	src	0 sec	0.0009527842473004446		src	30 sec	0.005187380901969087		src	1 min	0.0021702307855176795		src	5 min	0.003070082574634766		src	10 min	0.0010057167054838027		src	>10 min	0.010110099513021385		test	0 sec	0.0009527842473004446		test	30 sec	0.0008469193309337286		test	1 min	0.0014821088291340249		test	5 min	0.0027524878255346177		test	10 min	0.0011115816218505187		test	>10 min	0.00783400381113699		others	0 sec	0.04255769637941986		others	30 sec	0.02424306584797798		others	1 min	0.026413296633495658		others	5 min	0.07479356341308491		others	10 min	0.023607876349777682		others	>10 min	0.17880584374338343				
blaze	src	0 sec	0.009898369680287953		src	30 sec	0.004552191403768791		src	1 min	0.0017997035782341732		src	5 min	0.008839720516620792		src	10 min	0.006034300232902816		src	>10 min	0.04075799280118569		test	0 sec	0.0		test	30 sec	0.0		test	1 min	0.0		test	5 min	0.0		test	10 min	0.0		test	>10 min	0.0		others	0 sec	0.0517150116451408		others	30 sec	0.026572094008045735		others	1 min	0.01370950666948973		others	5 min	0.04319288587762016		others	10 min	0.02741901333897946		others	>10 min	0.15620368409908955				
salt-cloud	src	0 sec	0.0		src	30 sec	0.0		src	1 min	0.0		src	5 min	0.0		src	10 min	0.0		src	>10 min	0.0001587973745500741		test	0 sec	0.0		test	30 sec	0.0		test	1 min	0.0		test	5 min	0.0		test	10 min	0.0		test	>10 min	0.0		others	0 sec	0.009580774931187804		others	30 sec	0.005875502858352742		others	1 min	0.0055049756510692355		others	5 min	0.022549227186110524		others	10 min	0.009845437222104594		others	>10 min	0.06452466652551345				
psychopy	src	0 sec	0.0009527842473004446		src	30 sec	0.004128731738301927		src	1 min	0.0025407579928011857		src	5 min	0.006140165149269532		src	10 min	0.004234596654668642		src	>10 min	0.05854329875079399		test	0 sec	0.0		test	30 sec	5.2932458183358036e-05		test	1 min	0.0		test	5 min	0.00021172983273343214		test	10 min	0.00021172983273343214		test	>10 min	0.0020114334109676054		others	0 sec	0.006722422189286471		others	30 sec	0.020855388524243065		others	1 min	0.012280330298539064		others	5 min	0.03477662502646623		others	10 min	0.01937327969510904		others	>10 min	0.22369256828287107				
dkobo	src	0 sec	0.0		src	30 sec	5.2932458183358036e-05		src	1 min	0.0		src	5 min	0.0001587973745500741		src	10 min	0.0		src	>10 min	0.0003175947491001482		test	0 sec	0.0001587973745500741		test	30 sec	0.0004763921236502223		test	1 min	0.0004234596654668643		test	5 min	0.0017467711200508153		test	10 min	0.0011115816218505187		test	>10 min	0.014503493542240101		others	0 sec	0.0015879737455007411		others	30 sec	0.004658056320135507		others	1 min	0.004340461571035359		others	5 min	0.015509210247723905		others	10 min	0.008416260851153927		others	>10 min	0.06775354647469828				
fail2ban	src	0 sec	0.0		src	30 sec	0.0		src	1 min	0.0		src	5 min	0.0		src	10 min	0.0		src	>10 min	0.0		test	0 sec	5.2932458183358036e-05		test	30 sec	0.00021172983273343214		test	1 min	0.0		test	5 min	0.0008998517891170866		test	10 min	0.0003705272072835062		test	>10 min	0.004340461571035359		others	0 sec	0.0024348930764344695		others	30 sec	0.011803938174888841		others	1 min	0.010851153927588397		others	5 min	0.04038746559390218		others	10 min	0.018949820029642177		others	>10 min	0.15562142705907261				
inasafe	src	0 sec	5.2932458183358036e-05		src	30 sec	0.004287529112852001		src	1 min	0.00269955536735126		src	5 min	0.009898369680287953		src	10 min	0.006404827440186322		src	>10 min	0.037370315477450775		test	0 sec	0.029483379208130427		test	30 sec	0.008733855600254076		test	1 min	0.007939868727503706		test	5 min	0.03202413720093161		test	10 min	0.022602159644293882		test	>10 min	0.1779589244124497		others	0 sec	0.04102265509210248		others	30 sec	0.03377090832098242		others	1 min	0.027630743171712893		others	5 min	0.08612110946432353		others	10 min	0.04557484649587127		others	>10 min	0.25370527207283505				
scrapy	src	0 sec	0.0		src	30 sec	0.0		src	1 min	0.0		src	5 min	0.0		src	10 min	0.0		src	>10 min	0.0		test	0 sec	0.0003175947491001482		test	30 sec	0.0004234596654668643		test	1 min	0.0003705272072835062		test	5 min	0.0008998517891170866		test	10 min	0.0001587973745500741		test	>10 min	0.006087232691086174		others	0 sec	0.01667372432775778		others	30 sec	0.008257463476603853		others	1 min	0.009633707389371162		others	5 min	0.03562354435739996		others	10 min	0.022496294727927166		others	>10 min	0.24714164725809867				
marketplace-tests	src	0 sec	0.0		src	30 sec	0.0		src	1 min	0.0		src	5 min	0.0		src	10 min	0.0		src	>10 min	0.0		test	0 sec	0.0		test	30 sec	0.0		test	1 min	0.0		test	5 min	0.0		test	10 min	0.0		test	>10 min	0.0		others	0 sec	0.0003175947491001482		others	30 sec	0.0008998517891170866		others	1 min	0.001640906203684099		others	5 min	0.00915731526572094		others	10 min	0.006934152022019902		others	>10 min	0.06743595172559813				
sentry	src	0 sec	0.05960194791446115		src	30 sec	0.044939656997670975		src	1 min	0.026201566800762226		src	5 min	0.12920813042557697		src	10 min	0.08776201566800762		src	>10 min	0.4332521702307855		test	0 sec	5.2932458183358036e-05		test	30 sec	0.0019585009527842475		test	1 min	0.0007939868727503706		test	5 min	0.002646622909167902		test	10 min	0.0024348930764344695		test	>10 min	0.015138683040440398		others	0 sec	0.009474910014821088		others	30 sec	0.024560660597078128		others	1 min	0.01482108829134025		others	5 min	0.058013974168960404		others	10 min	0.03361211094643235		others	>10 min	0.13413084903662925				
Kawaz3rd	src	0 sec	0.016038534829557485		src	30 sec	0.0037052720728350625		src	1 min	0.0033347448655515564		src	5 min	0.01640906203684099		src	10 min	0.014926953207706966		src	>10 min	0.06674782976921448		test	0 sec	0.0		test	30 sec	0.0		test	1 min	0.0		test	5 min	0.0		test	10 min	0.0		test	>10 min	0.0		others	0 sec	0.0012703789964005929		others	30 sec	0.0004763921236502223		others	1 min	0.0007939868727503706		others	5 min	0.003070082574634766		others	10 min	0.0046051238619521494		others	>10 min	0.01646199449502435				
Limnoria	src	0 sec	0.002117298327334321		src	30 sec	0.012492060131272496		src	1 min	0.01291551979673936		src	5 min	0.03075375820453102		src	10 min	0.01773237349142494		src	>10 min	0.09167901757357612		test	0 sec	0.001640906203684099		test	30 sec	0.008045733643870422		test	1 min	0.006087232691086174		test	5 min	0.017573576116874868		test	10 min	0.012492060131272496		test	>10 min	0.08675629896252382		others	0 sec	0.0059284353165360995		others	30 sec	0.01699131907685793		others	1 min	0.014715223374973534		others	5 min	0.05277366080880796		others	10 min	0.02667795892441245		others	>10 min	0.16154986237560873				
fjord	src	0 sec	0.0005822570400169384		src	30 sec	0.0003175947491001482		src	1 min	0.00021172983273343214		src	5 min	0.0004763921236502223		src	10 min	0.00021172983273343214		src	>10 min	0.00645775989836968		test	0 sec	0.0001587973745500741		test	30 sec	0.00021172983273343214		test	1 min	0.0		test	5 min	0.0001587973745500741		test	10 min	0.00010586491636671607		test	>10 min	0.0016938386618674571		others	0 sec	0.004658056320135507		others	30 sec	0.003017150116451408		others	1 min	0.0013762439127673089		others	5 min	0.006616557272919754		others	10 min	0.006987084480203261		others	>10 min	0.06388947702731315				
rootpy	src	0 sec	0.0		src	30 sec	5.2932458183358036e-05		src	1 min	0.0		src	5 min	0.00010586491636671607		src	10 min	5.2932458183358036e-05		src	>10 min	0.0006351894982002964		test	0 sec	0.00010586491636671607		test	30 sec	0.00021172983273343214		test	1 min	0.00010586491636671607		test	5 min	0.00010586491636671607		test	10 min	0.0004234596654668643		test	>10 min	0.002911285200084692		others	0 sec	0.02069659114969299		others	30 sec	0.016091467287740843		others	1 min	0.00619309760745289		others	5 min	0.026625026466229093		others	10 min	0.022549227186110524		others	>10 min	0.10867033665043405				
adhocracy	src	0 sec	0.026042769426212153		src	30 sec	0.00809866610205378		src	1 min	0.006034300232902816		src	5 min	0.015985602371374127		src	10 min	0.010639424094854966		src	>10 min	0.07759898369680288		test	0 sec	0.00010586491636671607		test	30 sec	0.00010586491636671607		test	1 min	0.0001587973745500741		test	5 min	0.0004763921236502223		test	10 min	0.0004234596654668643		test	>10 min	0.0029642176582680498		others	0 sec	0.006140165149269532		others	30 sec	0.005610840567435952		others	1 min	0.006934152022019902		others	5 min	0.025460512386195216		others	10 min	0.015032818124073682		others	>10 min	0.11740419225068813				
hashstack	src	0 sec	0.0		src	30 sec	0.0		src	1 min	0.0		src	5 min	0.0		src	10 min	0.0		src	>10 min	0.0		test	0 sec	0.00021172983273343214		test	30 sec	0.0		test	1 min	0.0004234596654668643		test	5 min	0.0008469193309337286		test	10 min	0.0003705272072835062		test	>10 min	0.005557908109252593		others	0 sec	0.006034300232902816		others	30 sec	0.005293245818335804		others	1 min	0.004234596654668642		others	5 min	0.015403345331357189		others	10 min	0.005557908109252593		others	>10 min	0.06182511115816219				
wagtail	src	0 sec	0.0025407579928011857		src	30 sec	5.2932458183358036e-05		src	1 min	0.00010586491636671607		src	5 min	0.00010586491636671607		src	10 min	5.2932458183358036e-05		src	>10 min	0.0003705272072835062		test	0 sec	0.0017997035782341732		test	30 sec	0.0004234596654668643		test	1 min	0.0004763921236502223		test	5 min	0.0023290281600677537		test	10 min	0.0018526360364175313		test	>10 min	0.01053355917848825		others	0 sec	0.06341308490366293		others	30 sec	0.023502011433410967		others	1 min	0.01561507516409062		others	5 min	0.05997247512174465		others	10 min	0.03509421977556638		others	>10 min	0.20654245183146305				
pybossa	src	0 sec	0.0		src	30 sec	0.0		src	1 min	5.2932458183358036e-05		src	5 min	0.00010586491636671607		src	10 min	0.00010586491636671607		src	>10 min	0.0004234596654668643		test	0 sec	0.0038640694473851367		test	30 sec	0.007992801185687064		test	1 min	0.008204531018420495		test	5 min	0.03403557061189922		test	10 min	0.02133178064789329		test	>10 min	0.10602371374126615		others	0 sec	0.006722422189286471		others	30 sec	0.024666525513444844		others	1 min	0.017361846284141436		others	5 min	0.04896252381960618		others	10 min	0.03186533982638154		others	>10 min	0.12497353377090832				
beets	src	0 sec	0.0		src	30 sec	0.0		src	1 min	0.0		src	5 min	0.0		src	10 min	0.0		src	>10 min	0.0		test	0 sec	0.006881219563836544		test	30 sec	0.002911285200084692		test	1 min	0.0022231632437010374		test	5 min	0.015350412873173831		test	10 min	0.012439127673089138		test	>10 min	0.10316536099936481		others	0 sec	0.010321829345754817		others	30 sec	0.006563624814736396		others	1 min	0.009474910014821088		others	5 min	0.05166207918695744		others	10 min	0.03213000211729833		others	>10 min	0.17240101630319712				
aws-cli	src	0 sec	0.00026466229091679015		src	30 sec	0.0007939868727503706		src	1 min	0.0005293245818335803		src	5 min	0.016038534829557485		src	10 min	0.0025407579928011857		src	>10 min	0.028742324793563413		test	0 sec	0.0		test	30 sec	0.0		test	1 min	0.0		test	5 min	0.0		test	10 min	0.0		test	>10 min	0.00026466229091679015		others	0 sec	0.047427482532288796		others	30 sec	0.009951302138471311		others	1 min	0.006669489731103113		others	5 min	0.024348930764344696		others	10 min	0.014080033876773238		others	>10 min	0.13667160702943046				
olympia	src	0 sec	0.0037582045310184204		src	30 sec	0.006563624814736396		src	1 min	0.004975651069235656		src	5 min	0.02244336226974381		src	10 min	0.017414778742324794		src	>10 min	0.13709506669489732		test	0 sec	0.0001587973745500741		test	30 sec	0.00026466229091679015		test	1 min	0.00021172983273343214		test	5 min	0.0022760957018843953		test	10 min	0.001535041287317383		test	>10 min	0.011698073258522125		others	0 sec	0.0625661655727292		others	30 sec	0.07500529324581834		others	1 min	0.05097395723057379		others	5 min	0.1749417742959983		others	10 min	0.13974168960406522		others	>10 min	1.1112110946432352				
dipy	src	0 sec	0.00021172983273343214		src	30 sec	5.2932458183358036e-05		src	1 min	0.0		src	5 min	0.00026466229091679015		src	10 min	0.0003175947491001482		src	>10 min	0.0033347448655515564		test	0 sec	0.00010586491636671607		test	30 sec	0.00010586491636671607		test	1 min	0.0		test	5 min	0.0		test	10 min	0.0		test	>10 min	0.0008998517891170866		others	0 sec	0.08643870421342367		others	30 sec	0.014609358458606819		others	1 min	0.009104382807537581		others	5 min	0.032447596866398476		others	10 min	0.01826169807325852		others	>10 min	0.22850942197755664				
teuthology	src	0 sec	0.0001587973745500741		src	30 sec	5.2932458183358036e-05		src	1 min	0.0		src	5 min	0.0		src	10 min	0.0		src	>10 min	0.0001587973745500741		test	0 sec	0.006087232691086174		test	30 sec	0.0010057167054838027		test	1 min	0.0008469193309337286		test	5 min	0.0033876773237349143		test	10 min	0.0017467711200508153		test	>10 min	0.027154351048062672		others	0 sec	0.03604700402286682		others	30 sec	0.01079822146940504		others	1 min	0.0055049756510692355		others	5 min	0.016567859411391064		others	10 min	0.01079822146940504		others	>10 min	0.13619521490578024				
tp-libvirt	src	0 sec	0.00809866610205378		src	30 sec	0.005081515985602371		src	1 min	0.0034935422401016305		src	5 min	0.01429176370950667		src	10 min	0.008469193309337285		src	>10 min	0.11248147363963583		test	0 sec	0.0		test	30 sec	0.0		test	1 min	0.0		test	5 min	0.0		test	10 min	0.0		test	>10 min	0.0		others	0 sec	0.07955748464958713		others	30 sec	0.012280330298539064		others	1 min	0.003969934363751853		others	5 min	0.014715223374973534		others	10 min	0.008733855600254076		others	>10 min	0.06473639635824688				
libcloud	src	0 sec	0.00010586491636671607		src	30 sec	0.0		src	1 min	0.0		src	5 min	0.00010586491636671607		src	10 min	5.2932458183358036e-05		src	>10 min	0.0003175947491001482		test	0 sec	0.007728138894770273		test	30 sec	0.006298962523819607		test	1 min	0.002646622909167902		test	5 min	0.011803938174888841		test	10 min	0.008522125767520644		test	>10 min	0.07257040016938386		others	0 sec	0.019320347236925682		others	30 sec	0.01863222528054203		others	1 min	0.008680923142070718		others	5 min	0.04192250688121956		others	10 min	0.018473427905991956		others	>10 min	0.09485496506457759				
miro	src	0 sec	0.0		src	30 sec	0.0003175947491001482		src	1 min	0.0		src	5 min	0.00026466229091679015		src	10 min	0.0003705272072835062		src	>10 min	0.0015879737455007411		test	0 sec	0.00619309760745289		test	30 sec	0.003123015032818124		test	1 min	0.0010586491636671606		test	5 min	0.005452043192885878		test	10 min	0.004128731738301927		test	>10 min	0.04552191403768791		others	0 sec	0.02884818970993013		others	30 sec	0.04282235867033665		others	1 min	0.01429176370950667		others	5 min	0.0576434469616769		others	10 min	0.04795680711412238		others	>10 min	0.4421448232055897				
mrjob	src	0 sec	0.0		src	30 sec	0.00026466229091679015		src	1 min	5.2932458183358036e-05		src	5 min	0.00026466229091679015		src	10 min	0.00021172983273343214		src	>10 min	0.0007410544145670124		test	0 sec	0.0		test	30 sec	0.0		test	1 min	0.0		test	5 min	0.0		test	10 min	0.0		test	>10 min	0.0		others	0 sec	0.0011115816218505187		others	30 sec	0.013074317171289434		others	1 min	0.013338979462206225		others	5 min	0.06907685792928224		others	10 min	0.04663349565953843		others	>10 min	0.20098454372221045				
hy	src	0 sec	0.0		src	30 sec	0.0		src	1 min	0.0		src	5 min	0.0		src	10 min	0.0		src	>10 min	0.0		test	0 sec	0.0		test	30 sec	0.0		test	1 min	0.0		test	5 min	5.2932458183358036e-05		test	10 min	0.0001587973745500741		test	>10 min	0.0007410544145670124		others	0 sec	0.006510692356553038		others	30 sec	0.003917001905568495		others	1 min	0.004234596654668642		others	5 min	0.01688545416049121		others	10 min	0.00889265297480415		others	>10 min	0.08167478297692145				
backdrop	src	0 sec	0.0		src	30 sec	0.0		src	1 min	0.0		src	5 min	0.0		src	10 min	0.0		src	>10 min	5.2932458183358036e-05		test	0 sec	0.0006351894982002964		test	30 sec	5.2932458183358036e-05		test	1 min	0.00021172983273343214		test	5 min	0.0010057167054838027		test	10 min	0.0007410544145670124		test	>10 min	0.007304679229303409		others	0 sec	0.0067753546474698285		others	30 sec	0.0025936904509845436		others	1 min	0.0023819606182511116		others	5 min	0.012492060131272496		others	10 min	0.008151598560237137		others	>10 min	0.060925259369045096				
oh-mainline	src	0 sec	0.0		src	30 sec	0.0001587973745500741		src	1 min	0.0		src	5 min	0.00010586491636671607		src	10 min	0.0		src	>10 min	0.00010586491636671607		test	0 sec	0.0001587973745500741		test	30 sec	0.0		test	1 min	0.00010586491636671607		test	5 min	0.0006351894982002964		test	10 min	0.00026466229091679015		test	>10 min	0.0022760957018843953		others	0 sec	0.039381748888418375		others	30 sec	0.03186533982638154		others	1 min	0.019320347236925682		others	5 min	0.08109252593690451		others	10 min	0.04758627990683888		others	>10 min	0.1857929282235867				
numba	src	0 sec	0.002646622909167902		src	30 sec	0.002646622909167902		src	1 min	0.0021702307855176795		src	5 min	0.009580774931187804		src	10 min	0.008733855600254076		src	>10 min	0.0797162820241372		test	0 sec	0.0003705272072835062		test	30 sec	0.0001587973745500741		test	1 min	5.2932458183358036e-05		test	5 min	0.0005293245818335803		test	10 min	0.0005293245818335803		test	>10 min	0.006034300232902816		others	0 sec	0.06971204742748253		others	30 sec	0.017838238407791657		others	1 min	0.016356129578657633		others	5 min	0.0539911073470252		others	10 min	0.037105653186533985		others	>10 min	0.26746771120050816				
scikit-bio	src	0 sec	0.0004763921236502223		src	30 sec	0.0019585009527842475		src	1 min	0.001535041287317383		src	5 min	0.007886936269320348		src	10 min	0.00619309760745289		src	>10 min	0.02339614651704425		test	0 sec	5.2932458183358036e-05		test	30 sec	0.0008998517891170866		test	1 min	0.0006881219563836544		test	5 min	0.004340461571035359		test	10 min	0.002646622909167902		test	>10 min	0.013338979462206225		others	0 sec	0.003440609781918272		others	30 sec	0.009792504763921236		others	1 min	0.008786788058437434		others	5 min	0.04329875079398687		others	10 min	0.02805420283717976		others	>10 min	0.13566589032394663				
cyder	src	0 sec	5.2932458183358036e-05		src	30 sec	5.2932458183358036e-05		src	1 min	5.2932458183358036e-05		src	5 min	5.2932458183358036e-05		src	10 min	0.00010586491636671607		src	>10 min	0.0011645140800338768		test	0 sec	5.2932458183358036e-05		test	30 sec	0.00026466229091679015		test	1 min	5.2932458183358036e-05		test	5 min	0.0003705272072835062		test	10 min	0.0003705272072835062		test	>10 min	0.004446326487402075		others	0 sec	0.022866821935210672		others	30 sec	0.00915731526572094		others	1 min	0.007040016938386619		others	5 min	0.030277366080880795		others	10 min	0.019849671818759265		others	>10 min	0.14381748888418378				
girder	src	0 sec	0.006563624814736396		src	30 sec	0.001535041287317383		src	1 min	0.0009527842473004446		src	5 min	0.005716705483802668		src	10 min	0.004763921236502223		src	>10 min	0.05520855388524243		test	0 sec	0.0033876773237349143		test	30 sec	0.002117298327334321		test	1 min	0.0018526360364175313		test	5 min	0.006404827440186322		test	10 min	0.006934152022019902		test	>10 min	0.07479356341308491		others	0 sec	0.03996400592843532		others	30 sec	0.007992801185687064		others	1 min	0.004763921236502223		others	5 min	0.020167266567859412		others	10 min	0.014397628625873385		others	>10 min	0.1416472580986661				
werkzeug	src	0 sec	0.0		src	30 sec	0.0001587973745500741		src	1 min	0.00026466229091679015		src	5 min	0.0012174465382172347		src	10 min	0.0003705272072835062		src	>10 min	0.00539911073470252		test	0 sec	0.00021172983273343214		test	30 sec	0.003070082574634766		test	1 min	0.001535041287317383		test	5 min	0.004975651069235656		test	10 min	0.0019055684946008892		test	>10 min	0.011856870633072199		others	0 sec	0.005769637941986026		others	30 sec	0.013021384713106076		others	1 min	0.010374761803938174		others	5 min	0.027789540546262967		others	10 min	0.012809654880372645		others	>10 min	0.08421554096972263				
gunicorn	src	0 sec	0.00021172983273343214		src	30 sec	0.0008998517891170866		src	1 min	0.0003705272072835062		src	5 min	0.002911285200084692		src	10 min	0.001640906203684099		src	>10 min	0.015138683040440398		test	0 sec	5.2932458183358036e-05		test	30 sec	0.0		test	1 min	5.2932458183358036e-05		test	5 min	0.00021172983273343214		test	10 min	0.00021172983273343214		test	>10 min	0.002805420283717976		others	0 sec	0.005822570400169384		others	30 sec	0.0027524878255346177		others	1 min	0.0031759474910014822		others	5 min	0.012968452254922718		others	10 min	0.009210247723904299		others	>10 min	0.0744230362058014				
qtile	src	0 sec	0.0		src	30 sec	0.00010586491636671607		src	1 min	5.2932458183358036e-05		src	5 min	5.2932458183358036e-05		src	10 min	0.0		src	>10 min	0.0006351894982002964		test	0 sec	0.002646622909167902		test	30 sec	0.0008998517891170866		test	1 min	0.0004234596654668643		test	5 min	0.002487825534617828		test	10 min	0.0018526360364175313		test	>10 min	0.025778107135295363		others	0 sec	0.012280330298539064		others	30 sec	0.006616557272919754		others	1 min	0.0027524878255346177		others	5 min	0.011645140800338767		others	10 min	0.006616557272919754		others	>10 min	0.07040016938386619				
pootle	src	0 sec	0.0		src	30 sec	0.0		src	1 min	5.2932458183358036e-05		src	5 min	0.00010586491636671607		src	10 min	0.0		src	>10 min	0.00010586491636671607		test	0 sec	0.0003705272072835062		test	30 sec	0.0		test	1 min	0.00010586491636671607		test	5 min	0.0		test	10 min	0.0		test	>10 min	0.00021172983273343214		others	0 sec	0.19823205589667584		others	30 sec	0.05563201355070929		others	1 min	0.045468981579504554		others	5 min	0.1017891170865975		others	10 min	0.03874655939021808		others	>10 min	0.3906415413931823				
ralph_pricing	src	0 sec	5.2932458183358036e-05		src	30 sec	0.003123015032818124		src	1 min	0.0034935422401016305		src	5 min	0.011380478509421978		src	10 min	0.0072517467711200505		src	>10 min	0.054255769637941986		test	0 sec	0.0		test	30 sec	0.0		test	1 min	5.2932458183358036e-05		test	5 min	0.0		test	10 min	0.0		test	>10 min	0.0001587973745500741		others	0 sec	0.0		others	30 sec	0.0005822570400169384		others	1 min	0.0003175947491001482		others	5 min	0.002117298327334321		others	10 min	0.0020643658691509633		others	>10 min	0.007939868727503706				
opendata	src	0 sec	5.2932458183358036e-05		src	30 sec	0.0		src	1 min	0.0		src	5 min	0.0		src	10 min	0.0		src	>10 min	0.0		test	0 sec	0.0		test	30 sec	0.0		test	1 min	0.0		test	5 min	0.0		test	10 min	0.0		test	>10 min	0.00010586491636671607		others	0 sec	0.012492060131272496		others	30 sec	0.0050285835274190135		others	1 min	0.0023290281600677537		others	5 min	0.010851153927588397		others	10 min	0.0067753546474698285		others	>10 min	0.052350201143341095				
picard	src	0 sec	0.0		src	30 sec	0.0		src	1 min	0.0		src	5 min	0.0		src	10 min	0.0		src	>10 min	0.0		test	0 sec	0.0009527842473004446		test	30 sec	0.0010586491636671606		test	1 min	0.0004234596654668643		test	5 min	0.003070082574634766		test	10 min	0.0020643658691509633		test	>10 min	0.022178699978827016		others	0 sec	0.028901122168113486		others	30 sec	0.01053355917848825		others	1 min	0.005822570400169384		others	5 min	0.027630743171712893		others	10 min	0.015985602371374127		others	>10 min	0.14561719246241794				
onadata	src	0 sec	5.2932458183358036e-05		src	30 sec	5.2932458183358036e-05		src	1 min	5.2932458183358036e-05		src	5 min	0.00026466229091679015		src	10 min	0.0001587973745500741		src	>10 min	0.001429176370950667		test	0 sec	0.0		test	30 sec	0.0		test	1 min	0.0		test	5 min	5.2932458183358036e-05		test	10 min	0.00010586491636671607		test	>10 min	0.00026466229091679015		others	0 sec	0.049121321194156256		others	30 sec	0.030012703789964006		others	1 min	0.026783823840779167		others	5 min	0.06547745077281389		others	10 min	0.03123015032818124		others	>10 min	0.26804996824052507				
readthedocs	src	0 sec	5.2932458183358036e-05		src	30 sec	0.0		src	1 min	0.00010586491636671607		src	5 min	0.00010586491636671607		src	10 min	0.00021172983273343214		src	>10 min	0.0012174465382172347		test	0 sec	5.2932458183358036e-05		test	30 sec	0.00021172983273343214		test	1 min	0.0		test	5 min	0.0008469193309337286		test	10 min	0.0006351894982002964		test	>10 min	0.004869786152868939		others	0 sec	0.032500529324581834		others	30 sec	0.027524878255346177		others	1 min	0.019055684946008893		others	5 min	0.0809866610205378		others	10 min	0.04615710353588821		others	>10 min	0.20664831674782977				
botocore	src	0 sec	0.00021172983273343214		src	30 sec	0.0007410544145670124		src	1 min	0.0004763921236502223		src	5 min	0.012597925047639213		src	10 min	0.003017150116451408		src	>10 min	0.0220728350624603		test	0 sec	0.0		test	30 sec	0.0		test	1 min	0.0		test	5 min	0.0		test	10 min	0.0		test	>10 min	0.0		others	0 sec	0.030277366080880795		others	30 sec	0.0055049756510692355		others	1 min	0.004499258945585433		others	5 min	0.015403345331357189		others	10 min	0.01048062672030489		others	>10 min	0.11623967817065424				
mopidy	src	0 sec	0.00010586491636671607		src	30 sec	0.00010586491636671607		src	1 min	0.00021172983273343214		src	5 min	0.0005822570400169384		src	10 min	0.0003705272072835062		src	>10 min	0.002117298327334321		test	0 sec	5.2932458183358036e-05		test	30 sec	0.00026466229091679015		test	1 min	0.0005293245818335803		test	5 min	0.0010586491636671606		test	10 min	0.00026466229091679015		test	>10 min	0.0033876773237349143		others	0 sec	0.0269955536735126		others	30 sec	0.03186533982638154		others	1 min	0.02074952360787635		others	5 min	0.07458183358035148		others	10 min	0.04282235867033665		others	>10 min	0.1933622697438069				
networkx	src	0 sec	0.0004234596654668643		src	30 sec	0.0015879737455007411		src	1 min	0.0017997035782341732		src	5 min	0.0063518949820029645		src	10 min	0.004234596654668642		src	>10 min	0.05473216176159221		test	0 sec	0.0		test	30 sec	5.2932458183358036e-05		test	1 min	5.2932458183358036e-05		test	5 min	0.0004763921236502223		test	10 min	0.00010586491636671607		test	>10 min	0.002646622909167902		others	0 sec	0.006087232691086174		others	30 sec	0.005346178276519162		others	1 min	0.007198814312936693		others	5 min	0.03101842049544781		others	10 min	0.018155833156891805		others	>10 min	0.14842261274613594				
cython	src	0 sec	0.0038640694473851367		src	30 sec	0.004975651069235656		src	1 min	0.0025407579928011857		src	5 min	0.008680923142070718		src	10 min	0.004340461571035359		src	>10 min	0.04652763074317171		test	0 sec	0.0		test	30 sec	0.0001587973745500741		test	1 min	0.00010586491636671607		test	5 min	0.0004234596654668643		test	10 min	0.0004234596654668643		test	>10 min	0.005822570400169384		others	0 sec	0.030912555579081093		others	30 sec	0.020802456066059707		others	1 min	0.0177853059496083		others	5 min	0.07257040016938386		others	10 min	0.04800973957230574		others	>10 min	0.42764132966334956				
SimpleCV	src	0 sec	0.0		src	30 sec	0.0		src	1 min	0.0		src	5 min	0.0		src	10 min	0.00021172983273343214		src	>10 min	0.0025936904509845436		test	0 sec	0.0		test	30 sec	0.00010586491636671607		test	1 min	5.2932458183358036e-05		test	5 min	0.0001587973745500741		test	10 min	0.00026466229091679015		test	>10 min	0.0019055684946008892		others	0 sec	0.0011115816218505187		others	30 sec	0.00783400381113699		others	1 min	0.0063518949820029645		others	5 min	0.016514926953207706		others	10 min	0.010268896887571459		others	>10 min	0.09141435528265933				
vispy	src	0 sec	0.0		src	30 sec	0.0		src	1 min	0.0		src	5 min	0.0		src	10 min	0.0		src	>10 min	0.0		test	0 sec	5.2932458183358036e-05		test	30 sec	5.2932458183358036e-05		test	1 min	5.2932458183358036e-05		test	5 min	0.00010586491636671607		test	10 min	5.2932458183358036e-05		test	>10 min	0.0006881219563836544		others	0 sec	0.05192674147787423		others	30 sec	0.007781071352953631		others	1 min	0.009051450349354223		others	5 min	0.0345648951937328		others	10 min	0.019690874444209187		others	>10 min	0.1667372432775778				
Minecraft-Overviewer	src	0 sec	0.0007410544145670124		src	30 sec	0.0003175947491001482		src	1 min	0.0007410544145670124		src	5 min	0.0021702307855176795		src	10 min	0.0015879737455007411		src	>10 min	0.023237349142494177		test	0 sec	0.0001587973745500741		test	30 sec	5.2932458183358036e-05		test	1 min	0.00021172983273343214		test	5 min	0.0004234596654668643		test	10 min	0.0003705272072835062		test	>10 min	0.004816853694685581		others	0 sec	0.0020114334109676054		others	30 sec	0.0020114334109676054		others	1 min	0.0020114334109676054		others	5 min	0.00968663984755452		others	10 min	0.006404827440186322		others	>10 min	0.06934152022019903				
astroquery	src	0 sec	0.0		src	30 sec	0.0		src	1 min	0.0		src	5 min	0.0		src	10 min	0.0		src	>10 min	0.0		test	0 sec	0.0		test	30 sec	0.0		test	1 min	5.2932458183358036e-05		test	5 min	0.0001587973745500741		test	10 min	0.0001587973745500741		test	>10 min	0.002646622909167902		others	0 sec	0.035411814524666525		others	30 sec	0.010692356553038324		others	1 min	0.008733855600254076		others	5 min	0.027842473004446325		others	10 min	0.01619733220410756		others	>10 min	0.11978615286893923				
Flexget	src	0 sec	0.003281812407368198		src	30 sec	0.0011115816218505187		src	1 min	0.0007410544145670124		src	5 min	0.004922718611052297		src	10 min	0.004075799280118569		src	>10 min	0.028954054626296844		test	0 sec	5.2932458183358036e-05		test	30 sec	0.0004763921236502223		test	1 min	0.0001587973745500741		test	5 min	0.0012174465382172347		test	10 min	0.0006881219563836544		test	>10 min	0.005769637941986026		others	0 sec	0.041816641964852845		others	30 sec	0.019002752487825535		others	1 min	0.014609358458606819		others	5 min	0.0615604488672454		others	10 min	0.04822146940503917		others	>10 min	0.4381748888418378				
django-extensions	src	0 sec	0.0		src	30 sec	0.0		src	1 min	0.0		src	5 min	0.0		src	10 min	0.0		src	>10 min	0.0		test	0 sec	0.0		test	30 sec	0.0		test	1 min	0.0		test	5 min	0.0		test	10 min	0.0		test	>10 min	0.0		others	0 sec	0.0016938386618674571		others	30 sec	0.006987084480203261		others	1 min	0.005769637941986026		others	5 min	0.017838238407791657		others	10 min	0.009792504763921236		others	>10 min	0.08961465170442515				
stacktach	src	0 sec	0.0		src	30 sec	0.0		src	1 min	0.0		src	5 min	0.0		src	10 min	0.0		src	>10 min	0.0		test	0 sec	0.0		test	30 sec	0.0		test	1 min	0.0		test	5 min	0.0		test	10 min	0.0		test	>10 min	0.0		others	0 sec	0.0014821088291340249		others	30 sec	0.0017467711200508153		others	1 min	0.002117298327334321		others	5 min	0.007410544145670125		others	10 min	0.0029642176582680498		others	>10 min	0.026413296633495658				
pyzmq	src	0 sec	0.0008998517891170866		src	30 sec	0.0005293245818335803		src	1 min	0.00010586491636671607		src	5 min	0.001323311454583951		src	10 min	0.0004234596654668643		src	>10 min	0.006881219563836544		test	0 sec	0.0		test	30 sec	0.0		test	1 min	0.0		test	5 min	0.0		test	10 min	0.0		test	>10 min	0.0		others	0 sec	0.008733855600254076		others	30 sec	0.007145881854753335		others	1 min	0.004234596654668642		others	5 min	0.012280330298539064		others	10 min	0.00645775989836968		others	>10 min	0.0744230362058014				
solitude	src	0 sec	0.0		src	30 sec	0.0		src	1 min	0.0		src	5 min	0.0		src	10 min	0.0		src	>10 min	0.0		test	0 sec	0.0		test	30 sec	0.0001587973745500741		test	1 min	0.00010586491636671607		test	5 min	0.0004234596654668643		test	10 min	0.00026466229091679015		test	>10 min	0.0036523396146517046		others	0 sec	0.0005293245818335803		others	30 sec	0.0033876773237349143		others	1 min	0.0020114334109676054		others	5 min	0.009474910014821088		others	10 min	0.006616557272919754		others	>10 min	0.063571882278213				
biopython	src	0 sec	0.0		src	30 sec	0.0		src	1 min	0.0		src	5 min	0.0		src	10 min	0.0		src	>10 min	0.0		test	0 sec	0.0003705272072835062		test	30 sec	5.2932458183358036e-05		test	1 min	0.00021172983273343214		test	5 min	0.00021172983273343214		test	10 min	0.0001587973745500741		test	>10 min	0.0017467711200508153		others	0 sec	0.08331568918060554		others	30 sec	0.017626508575058226		others	1 min	0.02127884818970993		others	5 min	0.0819923777260216		others	10 min	0.05224433622697438		others	>10 min	0.3710035994071565				
flask-admin	src	0 sec	0.0		src	30 sec	0.0		src	1 min	0.0		src	5 min	0.0		src	10 min	0.0		src	>10 min	0.0		test	0 sec	0.0		test	30 sec	0.00010586491636671607		test	1 min	5.2932458183358036e-05		test	5 min	5.2932458183358036e-05		test	10 min	5.2932458183358036e-05		test	>10 min	0.0006881219563836544		others	0 sec	0.0005822570400169384		others	30 sec	0.004287529112852001		others	1 min	0.0017997035782341732		others	5 min	0.007886936269320348		others	10 min	0.0067753546474698285		others	>10 min	0.051079822146940505				
PyOP2	src	0 sec	0.0024348930764344695		src	30 sec	0.0009527842473004446		src	1 min	0.0003175947491001482		src	5 min	0.0003175947491001482		src	10 min	0.0001587973745500741		src	>10 min	0.0016938386618674571		test	0 sec	0.01053355917848825		test	30 sec	0.0011645140800338768		test	1 min	0.0008469193309337286		test	5 min	0.0025936904509845436		test	10 min	0.0006881219563836544		test	>10 min	0.011856870633072199		others	0 sec	0.059707812830827864		others	30 sec	0.008045733643870422		others	1 min	0.0035994071564683463		others	5 min	0.00968663984755452		others	10 min	0.0050285835274190135		others	>10 min	0.0543616345543087				
write-it	src	0 sec	0.0		src	30 sec	0.0		src	1 min	0.0		src	5 min	0.0		src	10 min	0.0		src	>10 min	0.0		test	0 sec	0.0		test	30 sec	0.00010586491636671607		test	1 min	0.00010586491636671607		test	5 min	5.2932458183358036e-05		test	10 min	0.00026466229091679015		test	>10 min	0.0011115816218505187		others	0 sec	0.00862799068388736		others	30 sec	0.00566377302561931		others	1 min	0.004499258945585433		others	5 min	0.019214482320558966		others	10 min	0.013868304044039804		others	>10 min	0.06807114122379844				
django-timepiece	src	0 sec	0.0		src	30 sec	0.0		src	1 min	0.0		src	5 min	0.0		src	10 min	0.0		src	>10 min	0.0		test	0 sec	0.0		test	30 sec	0.0		test	1 min	0.0		test	5 min	0.0		test	10 min	0.0		test	>10 min	0.0		others	0 sec	0.003123015032818124		others	30 sec	0.007569341520220199		others	1 min	0.006298962523819607		others	5 min	0.02096125344060978		others	10 min	0.015773872538640696		others	>10 min	0.08474486555155622				
cuckoo	src	0 sec	0.002805420283717976		src	30 sec	0.005134448443785729		src	1 min	0.0019055684946008892		src	5 min	0.007992801185687064		src	10 min	0.0059284353165360995		src	>10 min	0.06129578657632861		test	0 sec	0.0		test	30 sec	0.0		test	1 min	0.0		test	5 min	5.2932458183358036e-05		test	10 min	0.0		test	>10 min	0.00021172983273343214		others	0 sec	0.0398581410120686		others	30 sec	0.015509210247723905		others	1 min	0.013391911920389583		others	5 min	0.04335168325217023		others	10 min	0.02244336226974381		others	>10 min	0.1755769637941986				
django-allauth	src	0 sec	0.0		src	30 sec	0.0		src	1 min	0.0		src	5 min	0.0		src	10 min	0.0		src	>10 min	0.0		test	0 sec	0.0		test	30 sec	0.0		test	1 min	0.0		test	5 min	0.0		test	10 min	0.0		test	>10 min	0.00010586491636671607		others	0 sec	0.00269955536735126		others	30 sec	0.003017150116451408		others	1 min	0.00322887994918484		others	5 min	0.010692356553038324		others	10 min	0.007886936269320348		others	>10 min	0.07511115816218505				
urllib3	src	0 sec	0.0		src	30 sec	0.0		src	1 min	0.0		src	5 min	0.0		src	10 min	0.0		src	>10 min	0.0		test	0 sec	0.0029642176582680498		test	30 sec	0.0019585009527842475		test	1 min	0.0020643658691509633		test	5 min	0.00645775989836968		test	10 min	0.004552191403768791		test	>10 min	0.04282235867033665		others	0 sec	0.00566377302561931		others	30 sec	0.004446326487402075		others	1 min	0.004658056320135507		others	5 min	0.018738090196908745		others	10 min	0.007886936269320348		others	>10 min	0.05605547321617616				
zipline	src	0 sec	0.0011645140800338768		src	30 sec	0.0004763921236502223		src	1 min	0.0005293245818335803		src	5 min	0.0012703789964005929		src	10 min	0.001323311454583951		src	>10 min	0.011751005716705483		test	0 sec	0.00021172983273343214		test	30 sec	0.00026466229091679015		test	1 min	0.0003175947491001482		test	5 min	0.0011115816218505187		test	10 min	0.0009527842473004446		test	>10 min	0.009633707389371162		others	0 sec	0.043986872750370526		others	30 sec	0.00968663984755452		others	1 min	0.005240313360152445		others	5 min	0.018685157738725387		others	10 min	0.01212153292398899		others	>10 min	0.16091467287740843				
raven-python	src	0 sec	0.0		src	30 sec	0.0		src	1 min	0.0		src	5 min	0.0		src	10 min	0.0		src	>10 min	0.0		test	0 sec	0.0		test	30 sec	0.0		test	1 min	0.0		test	5 min	0.0		test	10 min	0.0		test	>10 min	5.2932458183358036e-05		others	0 sec	0.004128731738301927		others	30 sec	0.016356129578657633		others	1 min	0.008575058225704002		others	5 min	0.03276519161549862		others	10 min	0.014185898793139954		others	>10 min	0.10994071564683464				
osc-plugin-factory	src	0 sec	0.0001587973745500741		src	30 sec	0.0		src	1 min	5.2932458183358036e-05		src	5 min	0.00021172983273343214		src	10 min	0.0		src	>10 min	0.0006881219563836544		test	0 sec	0.0		test	30 sec	0.0		test	1 min	0.0		test	5 min	0.0		test	10 min	0.0		test	>10 min	0.0		others	0 sec	0.024401863222528054		others	30 sec	0.011962735549438917		others	1 min	0.006722422189286471		others	5 min	0.020802456066059707		others	10 min	0.012703789964005929		others	>10 min	0.11523396146517044				
pythran	src	0 sec	0.0		src	30 sec	0.0		src	1 min	0.0		src	5 min	0.0		src	10 min	0.0		src	>10 min	0.0		test	0 sec	0.0		test	30 sec	0.0		test	1 min	0.0		test	5 min	0.0		test	10 min	0.0		test	>10 min	0.00010586491636671607		others	0 sec	0.028636459877196697		others	30 sec	0.006087232691086174		others	1 min	0.0031759474910014822		others	5 min	0.00645775989836968		others	10 min	0.0019055684946008892		others	>10 min	0.067859411391065				
mozmill-ci	src	0 sec	0.0		src	30 sec	0.0		src	1 min	0.0		src	5 min	0.0		src	10 min	0.0		src	>10 min	0.0		test	0 sec	0.0		test	30 sec	0.0		test	1 min	0.0		test	5 min	0.0		test	10 min	0.0		test	>10 min	0.0006881219563836544		others	0 sec	0.0005293245818335803		others	30 sec	0.00010586491636671607		others	1 min	0.0006351894982002964		others	5 min	0.002858352741901334		others	10 min	0.0018526360364175313		others	>10 min	0.027789540546262967				
quark	src	0 sec	0.0		src	30 sec	0.0		src	1 min	0.0		src	5 min	0.0		src	10 min	0.0		src	>10 min	0.0		test	0 sec	0.0		test	30 sec	0.0		test	1 min	0.0		test	5 min	0.0		test	10 min	0.0		test	>10 min	0.0		others	0 sec	0.0009527842473004446		others	30 sec	0.0018526360364175313		others	1 min	0.0012703789964005929		others	5 min	0.004234596654668642		others	10 min	0.004658056320135507		others	>10 min	0.06346601736184629				
pyclaw	src	0 sec	0.0022231632437010374		src	30 sec	0.0011115816218505187		src	1 min	0.001429176370950667		src	5 min	0.0034935422401016305		src	10 min	0.0020643658691509633		src	>10 min	0.03673512597925048		test	0 sec	0.0003705272072835062		test	30 sec	0.0004763921236502223		test	1 min	0.0004763921236502223		test	5 min	0.0016938386618674571		test	10 min	0.0003175947491001482		test	>10 min	0.0102159644293881		others	0 sec	0.0011645140800338768		others	30 sec	0.0012703789964005929		others	1 min	0.0012174465382172347		others	5 min	0.005187380901969087		others	10 min	0.002117298327334321		others	>10 min	0.026413296633495658				
mackup	src	0 sec	0.0		src	30 sec	0.0		src	1 min	0.0		src	5 min	0.0		src	10 min	0.0		src	>10 min	0.0		test	0 sec	0.0		test	30 sec	0.0		test	1 min	0.0		test	5 min	0.0		test	10 min	0.0		test	>10 min	0.0		others	0 sec	0.0004763921236502223		others	30 sec	0.008416260851153927		others	1 min	0.005346178276519162		others	5 min	0.022496294727927166		others	10 min	0.006881219563836544		others	>10 min	0.049438915943256403				
catkin	src	0 sec	0.0		src	30 sec	0.00010586491636671607		src	1 min	5.2932458183358036e-05		src	5 min	5.2932458183358036e-05		src	10 min	0.00026466229091679015		src	>10 min	0.0013762439127673089		test	0 sec	0.0012174465382172347		test	30 sec	0.001535041287317383		test	1 min	0.001429176370950667		test	5 min	0.002911285200084692		test	10 min	0.0016938386618674571		test	>10 min	0.014768155833156892		others	0 sec	0.0019055684946008892		others	30 sec	0.007569341520220199		others	1 min	0.004075799280118569		others	5 min	0.010321829345754817		others	10 min	0.005981367774719458		others	>10 min	0.06013127249629473				
autotest-docker	src	0 sec	0.0		src	30 sec	0.0		src	1 min	0.0		src	5 min	0.0		src	10 min	0.0		src	>10 min	0.00021172983273343214		test	0 sec	0.0		test	30 sec	0.0		test	1 min	0.0		test	5 min	0.0		test	10 min	0.0		test	>10 min	0.0003705272072835062		others	0 sec	0.01291551979673936		others	30 sec	0.003070082574634766		others	1 min	0.0014821088291340249		others	5 min	0.006669489731103113		others	10 min	0.004499258945585433		others	>10 min	0.04239889900486979				
pombola	src	0 sec	0.00026466229091679015		src	30 sec	0.00010586491636671607		src	1 min	0.00010586491636671607		src	5 min	0.00010586491636671607		src	10 min	0.0001587973745500741		src	>10 min	0.002487825534617828		test	0 sec	5.2932458183358036e-05		test	30 sec	0.0		test	1 min	0.0		test	5 min	0.0		test	10 min	5.2932458183358036e-05		test	>10 min	0.00026466229091679015		others	0 sec	0.06309549015456278		others	30 sec	0.01773237349142494		others	1 min	0.010268896887571459		others	5 min	0.030859623120897735		others	10 min	0.019002752487825535		others	>10 min	0.13831251323311455				
Socorro-Tests	src	0 sec	0.0		src	30 sec	0.0		src	1 min	0.0		src	5 min	0.0		src	10 min	0.0		src	>10 min	0.0		test	0 sec	0.0		test	30 sec	0.0		test	1 min	0.0		test	5 min	0.0		test	10 min	0.0		test	>10 min	0.0		others	0 sec	0.00026466229091679015		others	30 sec	0.0005822570400169384		others	1 min	0.0012174465382172347		others	5 min	0.0055049756510692355		others	10 min	0.004075799280118569		others	>10 min	0.04202837179758628				
cellcounter	src	0 sec	0.0		src	30 sec	0.0		src	1 min	0.0		src	5 min	0.0		src	10 min	0.0		src	>10 min	0.0		test	0 sec	0.0		test	30 sec	0.0		test	1 min	0.0		test	5 min	0.0		test	10 min	0.0		test	>10 min	0.0		others	0 sec	0.0		others	30 sec	0.010057167054838027		others	1 min	0.007198814312936693		others	5 min	0.01995553673512598		others	10 min	0.007886936269320348		others	>10 min	0.027048486131695956				
coding-events	src	0 sec	0.0		src	30 sec	0.0		src	1 min	0.0		src	5 min	5.2932458183358036e-05		src	10 min	0.0		src	>10 min	5.2932458183358036e-05		test	0 sec	0.0		test	30 sec	0.0		test	1 min	5.2932458183358036e-05		test	5 min	0.00010586491636671607		test	10 min	5.2932458183358036e-05		test	>10 min	0.00010586491636671607		others	0 sec	5.2932458183358036e-05		others	30 sec	0.003440609781918272		others	1 min	0.003440609781918272		others	5 min	0.015032818124073682		others	10 min	0.008310395934787211		others	>10 min	0.03578234173195003				
wouso	src	0 sec	0.0		src	30 sec	0.0		src	1 min	0.0		src	5 min	0.0		src	10 min	0.0		src	>10 min	0.0		test	0 sec	0.0001587973745500741		test	30 sec	0.0		test	1 min	5.2932458183358036e-05		test	5 min	0.00010586491636671607		test	10 min	0.00010586491636671607		test	>10 min	0.001429176370950667		others	0 sec	0.017679441033241584		others	30 sec	0.013974168960406522		others	1 min	0.009739572305737878		others	5 min	0.0322887994918484		others	10 min	0.02180817277154351		others	>10 min	0.10099513021384714				
tp-qemu	src	0 sec	0.0003175947491001482		src	30 sec	0.0		src	1 min	0.0		src	5 min	0.0		src	10 min	5.2932458183358036e-05		src	>10 min	0.0005293245818335803		test	0 sec	5.2932458183358036e-05		test	30 sec	0.0		test	1 min	0.0		test	5 min	0.0		test	10 min	0.0		test	>10 min	0.0006881219563836544		others	0 sec	0.08670336650434046		others	30 sec	0.01688545416049121		others	1 min	0.006510692356553038		others	5 min	0.023290281600677535		others	10 min	0.01561507516409062		others	>10 min	0.15927376667372434				
XBlock	src	0 sec	0.00021172983273343214		src	30 sec	0.0		src	1 min	0.0		src	5 min	0.0		src	10 min	0.0		src	>10 min	0.0001587973745500741		test	0 sec	0.0017467711200508153		test	30 sec	0.0005293245818335803		test	1 min	0.0001587973745500741		test	5 min	0.0019585009527842475		test	10 min	0.0011645140800338768		test	>10 min	0.012174465382172348		others	0 sec	0.0022760957018843953		others	30 sec	0.0012174465382172347		others	1 min	0.0010057167054838027		others	5 min	0.003123015032818124		others	10 min	0.002911285200084692		others	>10 min	0.023554943891594324				
launchpad	src	0 sec	0.0		src	30 sec	0.0		src	1 min	0.0		src	5 min	0.0		src	10 min	0.0		src	>10 min	0.0		test	0 sec	0.0		test	30 sec	0.0		test	1 min	5.2932458183358036e-05		test	5 min	0.0		test	10 min	0.0		test	>10 min	5.2932458183358036e-05		others	0 sec	0.0003705272072835062		others	30 sec	0.004234596654668642		others	1 min	0.002646622909167902		others	5 min	0.013286047004022868		others	10 min	0.008257463476603853		others	>10 min	0.06182511115816219				
riak-python-client	src	0 sec	0.0		src	30 sec	0.0		src	1 min	0.0		src	5 min	0.0		src	10 min	0.0		src	>10 min	0.0		test	0 sec	0.0		test	30 sec	0.0		test	1 min	0.0		test	5 min	0.0		test	10 min	0.0		test	>10 min	0.0		others	0 sec	0.003123015032818124		others	30 sec	0.0015879737455007411		others	1 min	0.0020114334109676054		others	5 min	0.008257463476603853		others	10 min	0.005822570400169384		others	>10 min	0.05605547321617616				
dimagi-utils	src	0 sec	0.0		src	30 sec	0.0		src	1 min	0.0		src	5 min	0.0		src	10 min	0.0		src	>10 min	0.0		test	0 sec	0.0		test	30 sec	5.2932458183358036e-05		test	1 min	0.0		test	5 min	0.0		test	10 min	0.00010586491636671607		test	>10 min	0.0008998517891170866		others	0 sec	0.0008998517891170866		others	30 sec	0.0025936904509845436		others	1 min	0.001429176370950667		others	5 min	0.006616557272919754		others	10 min	0.0036523396146517046		others	>10 min	0.052350201143341095				
Kotti	src	0 sec	5.2932458183358036e-05		src	30 sec	0.0		src	1 min	0.0		src	5 min	0.0		src	10 min	5.2932458183358036e-05		src	>10 min	5.2932458183358036e-05		test	0 sec	5.2932458183358036e-05		test	30 sec	0.0		test	1 min	0.0		test	5 min	0.0		test	10 min	0.0		test	>10 min	0.0001587973745500741		others	0 sec	0.005822570400169384		others	30 sec	0.006140165149269532		others	1 min	0.0063518949820029645		others	5 min	0.022972686851577388		others	10 min	0.011168748676688545		others	>10 min	0.09564895193732798				
eutester	src	0 sec	0.0		src	30 sec	5.2932458183358036e-05		src	1 min	0.00010586491636671607		src	5 min	0.00010586491636671607		src	10 min	5.2932458183358036e-05		src	>10 min	0.0006351894982002964		test	0 sec	0.0		test	30 sec	0.0003175947491001482		test	1 min	0.0001587973745500741		test	5 min	0.0003705272072835062		test	10 min	5.2932458183358036e-05		test	>10 min	0.001323311454583951		others	0 sec	0.0011645140800338768		others	30 sec	0.01132754605123862		others	1 min	0.015297480414990473		others	5 min	0.030700825746347662		others	10 min	0.013338979462206225		others	>10 min	0.10586491636671606				
mongo-python-driver	src	0 sec	0.0		src	30 sec	0.0		src	1 min	0.0		src	5 min	0.0		src	10 min	0.0		src	>10 min	0.0		test	0 sec	0.011909803091255559		test	30 sec	0.0029642176582680498		test	1 min	0.0017467711200508153		test	5 min	0.006881219563836544		test	10 min	0.004499258945585433		test	>10 min	0.07479356341308491		others	0 sec	0.008363328392970569		others	30 sec	0.002858352741901334		others	1 min	0.0018526360364175313		others	5 min	0.010163031971204743		others	10 min	0.007410544145670125		others	>10 min	0.07564048274401863				
ieee	src	0 sec	0.0		src	30 sec	0.0		src	1 min	0.00010586491636671607		src	5 min	0.0001587973745500741		src	10 min	5.2932458183358036e-05		src	>10 min	0.0003705272072835062		test	0 sec	0.0		test	30 sec	0.0		test	1 min	5.2932458183358036e-05		test	5 min	0.0004763921236502223		test	10 min	0.0003705272072835062		test	>10 min	0.002911285200084692		others	0 sec	0.0068282871056531864		others	30 sec	0.0067753546474698285		others	1 min	0.0033347448655515564		others	5 min	0.017097183993224647		others	10 min	0.01079822146940504		others	>10 min	0.06611264027101418				
tweepy	src	0 sec	0.0		src	30 sec	0.0		src	1 min	0.0		src	5 min	0.0		src	10 min	0.0		src	>10 min	0.0		test	0 sec	0.0		test	30 sec	0.0		test	1 min	0.0		test	5 min	0.0		test	10 min	0.0		test	>10 min	0.0		others	0 sec	0.0007410544145670124		others	30 sec	0.0013762439127673089		others	1 min	0.001640906203684099		others	5 min	0.008151598560237137		others	10 min	0.004710988778318865		others	>10 min	0.04059919542663561				
django-debug-toolbar	src	0 sec	0.0		src	30 sec	0.0		src	1 min	0.0		src	5 min	0.0		src	10 min	0.0		src	>10 min	0.0		test	0 sec	0.0		test	30 sec	5.2932458183358036e-05		test	1 min	0.0		test	5 min	5.2932458183358036e-05		test	10 min	5.2932458183358036e-05		test	>10 min	0.00010586491636671607		others	0 sec	0.003917001905568495		others	30 sec	0.004287529112852001		others	1 min	0.003917001905568495		others	5 min	0.010586491636671608		others	10 min	0.006616557272919754		others	>10 min	0.05462629684522549				
virtualenv	src	0 sec	0.0		src	30 sec	0.0		src	1 min	0.0		src	5 min	0.0		src	10 min	0.0		src	>10 min	0.0		test	0 sec	0.0		test	30 sec	0.0		test	1 min	0.0		test	5 min	0.0		test	10 min	0.0		test	>10 min	0.0		others	0 sec	0.0008469193309337286		others	30 sec	0.00619309760745289		others	1 min	0.004658056320135507		others	5 min	0.014503493542240101		others	10 min	0.006034300232902816		others	>10 min	0.04875079398687275				
casexml	src	0 sec	0.0		src	30 sec	0.0		src	1 min	0.0		src	5 min	0.0		src	10 min	0.0		src	>10 min	0.0		test	0 sec	0.0		test	30 sec	0.0		test	1 min	0.0		test	5 min	0.0		test	10 min	0.0		test	>10 min	0.0		others	0 sec	0.0035464746982849884		others	30 sec	0.0020643658691509633		others	1 min	0.0011645140800338768		others	5 min	0.006087232691086174		others	10 min	0.0027524878255346177		others	>10 min	0.0408638577175524				
Sylius-Docs	src	0 sec	0.0		src	30 sec	0.0		src	1 min	0.0		src	5 min	0.0		src	10 min	0.0		src	>10 min	0.0		test	0 sec	0.0		test	30 sec	0.0		test	1 min	0.0		test	5 min	0.0		test	10 min	0.0		test	>10 min	0.0		others	0 sec	0.0008998517891170866		others	30 sec	0.0017997035782341732		others	1 min	0.0009527842473004446		others	5 min	0.004128731738301927		others	10 min	0.003123015032818124		others	>10 min	0.030330298539064153				
pyrax	src	0 sec	0.0		src	30 sec	0.0		src	1 min	0.0		src	5 min	0.0		src	10 min	0.0		src	>10 min	0.0		test	0 sec	0.0		test	30 sec	0.0		test	1 min	0.0		test	5 min	5.2932458183358036e-05		test	10 min	0.0		test	>10 min	0.0003175947491001482		others	0 sec	0.0013762439127673089		others	30 sec	0.0046051238619521494		others	1 min	0.0027524878255346177		others	5 min	0.009951302138471311		others	10 min	0.005875502858352742		others	>10 min	0.045204319288587765				
curriculum	src	0 sec	0.0		src	30 sec	0.0		src	1 min	0.0		src	5 min	0.0		src	10 min	0.0		src	>10 min	0.0		test	0 sec	0.0		test	30 sec	0.0		test	1 min	0.0		test	5 min	0.0		test	10 min	0.0		test	>10 min	0.0		others	0 sec	0.0		others	30 sec	0.0021702307855176795		others	1 min	0.0024348930764344695		others	5 min	0.007198814312936693		others	10 min	0.0037582045310184204		others	>10 min	0.03234173195003176				
eve	src	0 sec	0.00010586491636671607		src	30 sec	0.0		src	1 min	0.0		src	5 min	0.0		src	10 min	0.0		src	>10 min	0.0		test	0 sec	0.0		test	30 sec	0.0		test	1 min	0.0		test	5 min	5.2932458183358036e-05		test	10 min	0.0		test	>10 min	0.00010586491636671607		others	0 sec	0.009739572305737878		others	30 sec	0.01561507516409062		others	1 min	0.008522125767520644		others	5 min	0.020643658691509633		others	10 min	0.010110099513021385		others	>10 min	0.07886936269320348				
sm	src	0 sec	0.0		src	30 sec	0.0		src	1 min	0.0		src	5 min	0.0		src	10 min	0.0		src	>10 min	0.0		test	0 sec	0.0		test	30 sec	0.0		test	1 min	0.0		test	5 min	0.0		test	10 min	0.0		test	>10 min	0.0		others	0 sec	0.011274613593055262		others	30 sec	0.004922718611052297		others	1 min	0.0014821088291340249		others	5 min	0.004499258945585433		others	10 min	0.0020643658691509633		others	>10 min	0.012862587338556003				
ooni-probe	src	0 sec	0.0011645140800338768		src	30 sec	0.0008998517891170866		src	1 min	0.0003175947491001482		src	5 min	0.0019055684946008892		src	10 min	0.0011115816218505187		src	>10 min	0.009369045098454373		test	0 sec	5.2932458183358036e-05		test	30 sec	5.2932458183358036e-05		test	1 min	5.2932458183358036e-05		test	5 min	0.00010586491636671607		test	10 min	0.00021172983273343214		test	>10 min	0.001429176370950667		others	0 sec	0.023502011433410967		others	30 sec	0.008363328392970569		others	1 min	0.007040016938386619		others	5 min	0.019320347236925682		others	10 min	0.010163031971204743		others	>10 min	0.07484649587126826				
supervisor	src	0 sec	5.2932458183358036e-05		src	30 sec	0.0007410544145670124		src	1 min	0.0014821088291340249		src	5 min	0.0036523396146517046		src	10 min	0.0024348930764344695		src	>10 min	0.017414778742324794		test	0 sec	5.2932458183358036e-05		test	30 sec	0.0		test	1 min	0.00010586491636671607		test	5 min	0.00010586491636671607		test	10 min	0.0001587973745500741		test	>10 min	0.0017997035782341732		others	0 sec	0.0010586491636671606		others	30 sec	0.0023290281600677537		others	1 min	0.0023819606182511116		others	5 min	0.011856870633072199		others	10 min	0.007516409062036841		others	>10 min	0.054520431928858776				
freeseer	src	0 sec	0.03678805843743384		src	30 sec	0.003917001905568495		src	1 min	0.0017997035782341732		src	5 min	0.008733855600254076		src	10 min	0.006298962523819607		src	>10 min	0.040334533135718824		test	0 sec	5.2932458183358036e-05		test	30 sec	0.0		test	1 min	0.0		test	5 min	0.00026466229091679015		test	10 min	5.2932458183358036e-05		test	>10 min	0.0007410544145670124		others	0 sec	0.008257463476603853		others	30 sec	0.0008998517891170866		others	1 min	0.0007939868727503706		others	5 min	0.002487825534617828		others	10 min	0.001640906203684099		others	>10 min	0.00783400381113699				
bcfg2	src	0 sec	0.053250052932458186		src	30 sec	0.014768155833156892		src	1 min	0.007040016938386619		src	5 min	0.020537793775142917		src	10 min	0.014503493542240101		src	>10 min	0.1880690239254711		test	0 sec	5.2932458183358036e-05		test	30 sec	0.00021172983273343214		test	1 min	5.2932458183358036e-05		test	5 min	0.0004763921236502223		test	10 min	0.0004234596654668643		test	>10 min	0.0033876773237349143		others	0 sec	0.043775142917637094		others	30 sec	0.005134448443785729		others	1 min	0.003281812407368198		others	5 min	0.011962735549438917		others	10 min	0.007569341520220199		others	>10 min	0.07055896675841626				
regulations-parser	src	0 sec	0.0		src	30 sec	0.0		src	1 min	0.0		src	5 min	0.0		src	10 min	0.0		src	>10 min	0.0		test	0 sec	0.0		test	30 sec	0.0		test	1 min	0.0		test	5 min	0.0		test	10 min	0.0		test	>10 min	0.0		others	0 sec	0.00010586491636671607		others	30 sec	0.0036523396146517046		others	1 min	0.002911285200084692		others	5 min	0.00915731526572094		others	10 min	0.0067753546474698285		others	>10 min	0.05346178276519162				
MakeAPI	src	0 sec	0.0		src	30 sec	0.0		src	1 min	0.0		src	5 min	0.0		src	10 min	0.0		src	>10 min	0.0		test	0 sec	5.2932458183358036e-05		test	30 sec	5.2932458183358036e-05		test	1 min	5.2932458183358036e-05		test	5 min	0.0		test	10 min	0.0001587973745500741		test	>10 min	0.0024348930764344695		others	0 sec	0.0004763921236502223		others	30 sec	0.0017997035782341732		others	1 min	0.0009527842473004446		others	5 min	0.00269955536735126		others	10 min	0.0021702307855176795		others	>10 min	0.01688545416049121				
django-filer	src	0 sec	0.0		src	30 sec	5.2932458183358036e-05		src	1 min	0.0		src	5 min	5.2932458183358036e-05		src	10 min	5.2932458183358036e-05		src	>10 min	0.0005293245818335803		test	0 sec	0.0		test	30 sec	0.0		test	1 min	0.0		test	5 min	0.0001587973745500741		test	10 min	5.2932458183358036e-05		test	>10 min	0.0008998517891170866		others	0 sec	0.0016938386618674571		others	30 sec	0.007198814312936693		others	1 min	0.006669489731103113		others	5 min	0.020008469193309338		others	10 min	0.009951302138471311		others	>10 min	0.07399957654033454				
BinPy	src	0 sec	0.0007410544145670124		src	30 sec	0.00010586491636671607		src	1 min	0.0003175947491001482		src	5 min	0.0003175947491001482		src	10 min	0.0004234596654668643		src	>10 min	0.002646622909167902		test	0 sec	0.0		test	30 sec	0.0		test	1 min	0.0		test	5 min	0.0		test	10 min	0.0		test	>10 min	0.0		others	0 sec	0.005875502858352742		others	30 sec	0.0037582045310184204		others	1 min	0.0035464746982849884		others	5 min	0.008839720516620792		others	10 min	0.0037582045310184204		others	>10 min	0.02556637730256193				
spyne	src	0 sec	0.011645140800338767		src	30 sec	0.009792504763921236		src	1 min	0.004128731738301927		src	5 min	0.00889265297480415		src	10 min	0.003440609781918272		src	>10 min	0.026836756298962525		test	0 sec	0.007410544145670125		test	30 sec	0.012703789964005929		test	1 min	0.005187380901969087		test	5 min	0.009951302138471311		test	10 min	0.005769637941986026		test	>10 min	0.04483379208130425		others	0 sec	0.028424730044463265		others	30 sec	0.03408850307008258		others	1 min	0.011486343425788694		others	5 min	0.020114334109676054		others	10 min	0.010586491636671608		others	>10 min	0.07717552403133601				
cookcountyjail	src	0 sec	0.0		src	30 sec	0.0		src	1 min	0.0		src	5 min	0.0		src	10 min	0.0		src	>10 min	0.0		test	0 sec	0.0		test	30 sec	0.0		test	1 min	0.0		test	5 min	0.0		test	10 min	0.0		test	>10 min	0.0		others	0 sec	0.0		others	30 sec	0.0014821088291340249		others	1 min	0.002858352741901334		others	5 min	0.005822570400169384		others	10 min	0.0025936904509845436		others	>10 min	0.019426212153292398				
fabric	src	0 sec	0.0		src	30 sec	0.0		src	1 min	0.0		src	5 min	5.2932458183358036e-05		src	10 min	5.2932458183358036e-05		src	>10 min	5.2932458183358036e-05		test	0 sec	0.0		test	30 sec	0.0001587973745500741		test	1 min	0.0		test	5 min	0.00010586491636671607		test	10 min	0.00010586491636671607		test	>10 min	0.0010586491636671606		others	0 sec	0.0055049756510692355		others	30 sec	0.030912555579081093		others	1 min	0.012227397840355706		others	5 min	0.03123015032818124		others	10 min	0.013762439127673089		others	>10 min	0.10284776625026466				
feincms	src	0 sec	0.0		src	30 sec	0.0		src	1 min	0.0		src	5 min	0.0		src	10 min	0.0		src	>10 min	0.0		test	0 sec	0.0		test	30 sec	0.0		test	1 min	0.0		test	5 min	0.0		test	10 min	0.0		test	>10 min	0.0		others	0 sec	0.006669489731103113		others	30 sec	0.013974168960406522		others	1 min	0.009316112640271015		others	5 min	0.031706542451831465		others	10 min	0.017097183993224647		others	>10 min	0.12306796527630744				
trelby	src	0 sec	0.001323311454583951		src	30 sec	0.0004234596654668643		src	1 min	0.0003175947491001482		src	5 min	0.0010057167054838027		src	10 min	0.00021172983273343214		src	>10 min	0.005875502858352742		test	0 sec	0.0		test	30 sec	0.0		test	1 min	5.2932458183358036e-05		test	5 min	0.0		test	10 min	0.00010586491636671607		test	>10 min	0.0		others	0 sec	0.0003175947491001482		others	30 sec	0.0008469193309337286		others	1 min	0.0007939868727503706		others	5 min	0.003917001905568495		others	10 min	0.0027524878255346177		others	>10 min	0.02477239042981156				
django-userena	src	0 sec	0.0		src	30 sec	0.0		src	1 min	0.0		src	5 min	0.0		src	10 min	0.0		src	>10 min	0.0		test	0 sec	0.0		test	30 sec	0.0		test	1 min	0.0		test	5 min	5.2932458183358036e-05		test	10 min	5.2932458183358036e-05		test	>10 min	0.0006351894982002964		others	0 sec	0.0018526360364175313		others	30 sec	0.0021702307855176795		others	1 min	0.001535041287317383		others	5 min	0.005822570400169384		others	10 min	0.0036523396146517046		others	>10 min	0.03408850307008258				
